year,catch,proj_catch,ratio,yld
2023,1314.9682,1440.517333445902,1.0954769350664921,0.4551598071111828
