"","alpha_lw","beta_lw"
"1",1.17614793251e-05,3.04193876476
