"Linf","k","t0","a","b"
41.3225,0.168126,-0.214394,0.017243,2.1414
