"Winf","k","t0","beta_lw"
1046.66,0.180433,-0.00135879,3.04193876476
