"yld","catch_rat"
0.600301439043617,1.04464473394366
