2,3,4,5,6,7,8,9,10,11,12,13,14,15,16,17,18,19,20,21,22,23,24,25,26,27,28,29,30,31,32,33,34,35,36,37,38,39,40,41,42,43,44,45,46,47,48,49,50,51,52,53,54,55,56,57,58,59,60,61,62,63,64,65,66,67,68,69,70,71,72,73,74,75,76,77,78,79,80,81,82,83,84,85,86,87,88,89,90,91,92,93,94,95,96,97,98,99,100
0.9732362307527163,0.026763765767993997,3.479289745200731e-9,0,0,0,0,0,0,0,0,0,0,0,0,0,0,0,0,0,0,0,0,0,0,0,0,0,0,0,0,0,0,0,0,0,0,0,0,0,0,0,0,0,0,0,0,0,0,0,0,0,0,0,0,0,0,0,0,0,0,0,0,0,0,0,0,0,0,0,0,0,0,0,0,0,0,0,0,0,0,0,0,0,0,0,0,0,0,0,0,0,0,0,0,0,0,0,0
0.04317140766208209,0.9136571846758359,0.04317127392979092,1.3373229112989549e-7,0,0,0,0,0,0,0,0,0,0,0,0,0,0,0,0,0,0,0,0,0,0,0,0,0,0,0,0,0,0,0,0,0,0,0,0,0,0,0,0,0,0,0,0,0,0,0,0,0,0,0,0,0,0,0,0,0,0,0,0,0,0,0,0,0,0,0,0,0,0,0,0,0,0,0,0,0,0,0,0,0,0,0,0,0,0,0,0,0,0,0,0,0,0,0
1.8448480950983867e-6,0.06144844258783625,0.8770994251281372,0.06144844258783633,1.8448480889610153e-6,6.106226635438361e-15,0,0,0,0,0,0,0,0,0,0,0,0,0,0,0,0,0,0,0,0,0,0,0,0,0,0,0,0,0,0,0,0,0,0,0,0,0,0,0,0,0,0,0,0,0,0,0,0,0,0,0,0,0,0,0,0,0,0,0,0,0,0,0,0,0,0,0,0,0,0,0,0,0,0,0,0,0,0,0,0,0,0,0,0,0,0,0,0,0,0,0,0,0
1.197064946543383e-12,1.3018644618959065e-5,0.08046375760079609,0.8390464475067758,0.08046375760079605,1.3018644619000597e-5,1.1970424651508438e-12,0,0,0,0,0,0,0,0,0,0,0,0,0,0,0,0,0,0,0,0,0,0,0,0,0,0,0,0,0,0,0,0,0,0,0,0,0,0,0,0,0,0,0,0,0,0,0,0,0,0,0,0,0,0,0,0,0,0,0,0,0,0,0,0,0,0,0,0,0,0,0,0,0,0,0,0,0,0,0,0,0,0,0,0,0,0,0,0,0,0,0,0
1.2119880863487308e-19,6.681682630638842e-11,5.815234764723622e-5,0.09940865976886357,0.8010663756333447,0.0994086597688636,5.8152347647277836e-5,6.681677433562072e-11,0,0,0,0,0,0,0,0,0,0,0,0,0,0,0,0,0,0,0,0,0,0,0,0,0,0,0,0,0,0,0,0,0,0,0,0,0,0,0,0,0,0,0,0,0,0,0,0,0,0,0,0,0,0,0,0,0,0,0,0,0,0,0,0,0,0,0,0,0,0,0,0,0,0,0,0,0,0,0,0,0,0,0,0,0,0,0,0,0,0,0
7.119661732613967e-27,5.2945357867998645e-17,1.5413444881517666e-9,1.8807010578360077e-4,0.11773633004855688,0.7641511966086298,0.11773633004855688,1.8807010578369976e-4,1.54134449648069e-9,0,0,0,0,0,0,0,0,0,0,0,0,0,0,0,0,0,0,0,0,0,0,0,0,0,0,0,0,0,0,0,0,0,0,0,0,0,0,0,0,0,0,0,0,0,0,0,0,0,0,0,0,0,0,0,0,0,0,0,0,0,0,0,0,0,0,0,0,0,0,0,0,0,0,0,0,0,0,0,0,0,0,0,0,0,0,0,0,0,0
4.957020742260058e-34,1.9948445158367864e-23,6.6297101856557944e-15,1.873716298564366e-8,4.809732043723001e-4,0.13508232306159582,0.7288733699937247,0.13508232306159573,4.8097320437234803e-4,1.873716293232519e-8,6.661338147750939e-15,0,0,0,0,0,0,0,0,0,0,0,0,0,0,0,0,0,0,0,0,0,0,0,0,0,0,0,0,0,0,0,0,0,0,0,0,0,0,0,0,0,0,0,0,0,0,0,0,0,0,0,0,0,0,0,0,0,0,0,0,0,0,0,0,0,0,0,0,0,0,0,0,0,0,0,0,0,0,0,0,0,0,0,0,0,0,0,0
5.967830927352074e-41,6.892230456926208e-30,1.2106335857152905e-20,3.2836263975635523e-13,1.4152495638412263e-7,0.0010326465462477648,0.15120585581088533,0.6955227122351644,0.1512058558108853,0.0010326465462477952,1.4152495630970208e-7,3.284039706841213e-13,0,0,0,0,0,0,0,0,0,0,0,0,0,0,0,0,0,0,0,0,0,0,0,0,0,0,0,0,0,0,0,0,0,0,0,0,0,0,0,0,0,0,0,0,0,0,0,0,0,0,0,0,0,0,0,0,0,0,0,0,0,0,0,0,0,0,0,0,0,0,0,0,0,0,0,0,0,0,0,0,0,0,0,0,0,0,0
1.498583810454275e-47,3.18260096189947e-36,1.7002877535146623e-26,2.305328653467349e-18,8.051812281576818e-12,7.450241758604939e-7,0.0019406025703291234,0.16595471180199822,0.66420788119089,0.16595471180199817,0.0019406025703291307,7.450241759077159e-7,8.051781463791485e-12,0,0,0,0,0,0,0,0,0,0,0,0,0,0,0,0,0,0,0,0,0,0,0,0,0,0,0,0,0,0,0,0,0,0,0,0,0,0,0,0,0,0,0,0,0,0,0,0,0,0,0,0,0,0,0,0,0,0,0,0,0,0,0,0,0,0,0,0,0,0,0,0,0,0,0,0,0,0,0,0,0,0,0,0,0,0
8.496914102507945e-54,2.4213250044294712e-42,2.6379715505310785e-32,1.1049330728863317e-23,1.794896044355491e-16,1.1475155345052925e-10,2.9673141392395126e-6,0.0032886930343114617,0.17924524953903415,0.6349261799955268,0.1792452495390342,0.0032886930343114518,2.9673141391795e-6,1.1475154160223155e-10,2.220446049250313e-16,0,0,0,0,0,0,0,0,0,0,0,0,0,0,0,0,0,0,0,0,0,0,0,0,0,0,0,0,0,0,0,0,0,0,0,0,0,0,0,0,0,0,0,0,0,0,0,0,0,0,0,0,0,0,0,0,0,0,0,0,0,0,0,0,0,0,0,0,0,0,0,0,0,0,0,0,0,0,0,0,0,0,0,0
1.1074080106860408e-59,3.382693685134621e-48,5.61460580233403e-38,5.0828447790917045e-29,2.5236438827981398e-21,6.931503690211483e-15,1.0685082506948285e-9,9.493689971844174e-6,0.005136353834649945,0.19104933185448097,0.6076096391047641,0.19104933185448103,0.005136353834649943,9.493689971828978e-6,1.0685082818540081e-9,6.8833827526759706e-15,0,0,0,0,0,0,0,0,0,0,0,0,0,0,0,0,0,0,0,0,0,0,0,0,0,0,0,0,0,0,0,0,0,0,0,0,0,0,0,0,0,0,0,0,0,0,0,0,0,0,0,0,0,0,0,0,0,0,0,0,0,0,0,0,0,0,0,0,0,0,0,0,0,0,0,0,0,0,0,0,0,0,0
3.263079102068073e-65,9.099865160526684e-54,1.8575248437152558e-43,2.782750024018393e-34,3.0709417175278497e-26,2.510195763155949e-19,1.5327840208692657e-13,7.0917504596453195e-9,2.55115995817571e-5,0.00751358920728832,0.20138357118592626,0.5821546418305998,0.2013835711859263,0.007513589207288285,2.55115995817512e-5,7.091750409138342e-9,1.5332179970073412e-13,0,0,0,0,0,0,0,0,0,0,0,0,0,0,0,0,0,0,0,0,0,0,0,0,0,0,0,0,0,0,0,0,0,0,0,0,0,0,0,0,0,0,0,0,0,0,0,0,0,0,0,0,0,0,0,0,0,0,0,0,0,0,0,0,0,0,0,0,0,0,0,0,0,0,0,0,0,0,0,0,0,0
2.098827700799932e-70,4.764797078809277e-59,1.0213564906801597e-48,2.0711621461571084e-39,3.983781199851092e-31,7.295036812896483e-24,1.2786988164504848e-17,2.163558135642769e-12,3.583194821747021e-8,5.9552718169735976e-5,0.010420872162258623,0.21029925512657774,0.5584405683177642,0.21029925512657777,0.010420872162258621,5.955271816970864e-5,3.583194818634894e-8,2.163602630389505e-12,0,0,0,0,0,0,0,0,0,0,0,0,0,0,0,0,0,0,0,0,0,0,0,0,0,0,0,0,0,0,0,0,0,0,0,0,0,0,0,0,0,0,0,0,0,0,0,0,0,0,0,0,0,0,0,0,0,0,0,0,0,0,0,0,0,0,0,0,0,0,0,0,0,0,0,0,0,0,0,0,0
2.819211189724521e-75,4.802673030816671e-64,9.618751769716288e-54,2.2681190969170767e-44,6.308973633739255e-36,2.075539997028601e-28,8.105441113521493e-22,3.7777202788157833e-16,2.118801112306845e-11,1.4496621582083532e-7,1.2392220082717837e-4,0.013832442298167545,0.2178728553182203,0.5363412703907615,0.21787285531822032,0.013832442298167491,1.2392220082724226e-4,1.4496621580928348e-7,2.11880513134588e-11,3.3306690738754696e-16,0,0,0,0,0,0,0,0,0,0,0,0,0,0,0,0,0,0,0,0,0,0,0,0,0,0,0,0,0,0,0,0,0,0,0,0,0,0,0,0,0,0,0,0,0,0,0,0,0,0,0,0,0,0,0,0,0,0,0,0,0,0,0,0,0,0,0,0,0,0,0,0,0,0,0,0,0,0,0
7.538227711693282e-80,9.100706404632486e-69,1.5621574870087093e-58,3.816851918644546e-49,1.3293673249021093e-40,6.612623417333761e-33,4.709970897854746e-26,4.821242799739074e-20,7.130262106279092e-15,1.5360358480542258e-10,4.884313318602973e-7,2.3453234424861602e-4,0.01770150900299233,0.22419750447781164,0.5157319311800097,0.22419750447781162,0.01770150900299239,2.345323442485281e-4,4.88431331935324e-7,1.5360357430438398e-10,7.105427357601002e-15,0,0,0,0,0,0,0,0,0,0,0,0,0,0,0,0,0,0,0,0,0,0,0,0,0,0,0,0,0,0,0,0,0,0,0,0,0,0,0,0,0,0,0,0,0,0,0,0,0,0,0,0,0,0,0,0,0,0,0,0,0,0,0,0,0,0,0,0,0,0,0,0,0,0,0,0,0,0
3.823042485992969e-84,3.144729890939405e-73,4.3416310716791094e-63,1.0069347601540864e-53,3.927477063402234e-45,2.579974674639003e-37,2.8597763230562023e-30,5.3626874701300885e-24,1.7073942148145695e-18,9.27829574933843e-14,8.674930942328839e-10,1.4135385621079292e-6,4.101325960601713e-4,0.021966173085752303,0.22937578705903383,0.4964929857060114,0.22937578705903383,0.021966173085752327,4.101325960601532e-4,1.413538562089478e-6,8.674930773722167e-10,9.281464485866309e-14,0,0,0,0,0,0,0,0,0,0,0,0,0,0,0,0,0,0,0,0,0,0,0,0,0,0,0,0,0,0,0,0,0,0,0,0,0,0,0,0,0,0,0,0,0,0,0,0,0,0,0,0,0,0,0,0,0,0,0,0,0,0,0,0,0,0,0,0,0,0,0,0,0,0,0,0,0
3.5088976522265777e-88,1.915904250276843e-77,2.0310433685799634e-67,4.183254706220081e-58,1.6754880273455206e-49,1.3064216845958218e-41,1.9859259810703727e-34,5.896591193155231e-28,3.4285324249753692e-22,3.917754799777535e-17,8.843818478241108e-13,3.974868557008452e-9,3.6013164821802393e-6,6.710777048134826e-4,0.026555231996345827,0.23351398994731973,0.4785121901185716,0.23351398994731976,0.026555231996345796,6.710777048134497e-4,3.6013164822490396e-6,3.974868545419952e-9,8.844036614163997e-13,0,0,0,0,0,0,0,0,0,0,0,0,0,0,0,0,0,0,0,0,0,0,0,0,0,0,0,0,0,0,0,0,0,0,0,0,0,0,0,0,0,0,0,0,0,0,0,0,0,0,0,0,0,0,0,0,0,0,0,0,0,0,0,0,0,0,0,0,0,0,0,0,0,0,0,0
5.5747410912916716e-92,1.9878667170369948e-81,1.5649848313152545e-71,2.7217204398993964e-62,1.0463907277307214e-53,8.901067022575184e-46,1.6771395256331118e-38,7.009624738831602e-32,6.510802250499067e-26,1.347382426731675e-20,6.234479149479347e-16,6.483048372304702e-12,1.5266814568611547e-8,8.238479899018752e-6,0.0010378568749102779,0.03139334615077811,0.23671777290665869,0.4616855406289113,0.23671777290665874,0.031393346150778045,0.0010378568749103145,8.23847989894766e-6,1.5266814590297884e-8,6.483036329996139e-12,6.661338147750939e-16,0,0,0,0,0,0,0,0,0,0,0,0,0,0,0,0,0,0,0,0,0,0,0,0,0,0,0,0,0,0,0,0,0,0,0,0,0,0,0,0,0,0,0,0,0,0,0,0,0,0,0,0,0,0,0,0,0,0,0,0,0,0,0,0,0,0,0,0,0,0,0,0,0,0
1.4706104711506826e-95,3.394166178404623e-85,1.9383657070440822e-75,2.7403867022633006e-66,9.596458859793044e-58,8.329878651096293e-50,1.793801098161342e-42,9.593937051710884e-36,1.2762116467667905e-29,4.2302130317840805e-24,3.5027455717130137e-19,7.2707562525686e-15,3.802339773670868e-11,5.047091222248447e-8,1.7195876918263556e-5,0.0015296162820967346,0.03640529317777665,0.23908909828008684,0.44591749174835726,0.23908909828008684,0.03640529317777663,0.0015296162820966908,1.7195876918285613e-5,5.0470912227318365e-8,3.8023473258874674e-11,7.216449660063518e-15,0,0,0,0,0,0,0,0,0,0,0,0,0,0,0,0,0,0,0,0,0,0,0,0,0,0,0,0,0,0,0,0,0,0,0,0,0,0,0,0,0,0,0,0,0,0,0,0,0,0,0,0,0,0,0,0,0,0,0,0,0,0,0,0,0,0,0,0,0,0,0,0,0
6.19792436161412e-99,9.226597262673629e-89,3.761970306816463e-79,4.202810835914931e-70,1.287125296528049e-61,1.0812026239159273e-53,2.492890015057444e-46,1.5790172393489586e-39,2.750649102208309e-33,1.319656615379237e-27,1.7469030023097846e-22,6.3964834822050184e-18,6.500916659326204e-14,1.842873698384452e-10,1.4675892920188128e-7,3.31806040154236e-5,0.00216286587431666,0.041519221456617156,0.2407242047206884,0.4311207608021616,0.24072420472068834,0.04151922145661713,0.0021628658743166884,3.3180604015470294e-5,1.4675892912041633e-7,1.8428736314746175e-10,6.505906924303417e-14,0,0,0,0,0,0,0,0,0,0,0,0,0,0,0,0,0,0,0,0,0,0,0,0,0,0,0,0,0,0,0,0,0,0,0,0,0,0,0,0,0,0,0,0,0,0,0,0,0,0,0,0,0,0,0,0,0,0,0,0,0,0,0,0,0,0,0,0,0,0,0,0
4.027656242023615e-102,3.869557654960464e-92,1.115116552852924e-82,9.642160743588513e-74,2.502622849357691e-65,1.950691778559222e-57,4.568799957459912e-50,3.217653682267727e-43,6.819877182275751e-37,4.355002659203251e-31,8.39042656825127e-26,4.886091546670318e-21,8.621668207283721e-17,4.625339346267336e-13,7.58031963135521e-10,3.821102780824031e-7,5.9829960972083076e-5,0.0029504953869551286,0.04666893971879289,0.24171240169838512,0.41721590073224424,0.24171240169838515,0.04666893971879282,0.002950495386955132,5.982996097209092e-5,3.8211027808543463e-7,7.580319705269289e-10,4.625189120588402e-13,1.1102230246251565e-16,0,0,0,0,0,0,0,0,0,0,0,0,0,0,0,0,0,0,0,0,0,0,0,0,0,0,0,0,0,0,0,0,0,0,0,0,0,0,0,0,0,0,0,0,0,0,0,0,0,0,0,0,0,0,0,0,0,0,0,0,0,0,0,0,0,0,0,0,0,0
3.906361836377207e-105,2.4308494959805073e-95,4.923267452659799e-86,3.2462505768675786e-77,6.970898119303049e-69,4.876911416656666e-61,1.1121289530566943e-53,8.271167746834451e-47,2.0076233240686695e-40,1.591754785898481e-34,4.1268683947078246e-29,3.5036486481935335e-24,9.758130964623572e-20,8.937467175646164e-16,2.7008702834695436e-12,2.705428409230214e-9,9.041224734642183e-7,1.0172430935427289e-4,0.0039011557041253976,0.05179535481966377,0.24213548055313253,0.4041307555662408,0.2421354805531325,0.0517953548196638,0.003901155704125414,1.0172430935428967e-4,9.041224734440689e-7,2.7054284368333015e-9,2.7008395520056183e-12,8.881784197001252e-16,0,0,0,0,0,0,0,0,0,0,0,0,0,0,0,0,0,0,0,0,0,0,0,0,0,0,0,0,0,0,0,0,0,0,0,0,0,0,0,0,0,0,0,0,0,0,0,0,0,0,0,0,0,0,0,0,0,0,0,0,0,0,0,0,0,0,0,0,0
5.488613478354411e-108,2.2251042570534173e-98,3.160248338854698e-89,1.5728276457018798e-80,2.743805853191038e-72,1.6783496807554186e-64,3.601133886757069e-57,2.7116145649674903e-50,7.169600499931728e-44,6.66103035645777e-38,2.1764082680167747e-32,2.503577267566746e-27,1.0153211693825707e-22,1.454284908436693e-18,7.374578156881693e-15,1.3282195435607173e-11,8.534381031943649e-9,1.9683257107098557e-6,1.6430950169702124e-4,0.005019003795663195,0.05684720598392792,0.2420675691453077,0.39179986940004574,0.2420675691453077,0.056847205983927895,0.005019003795663224,1.6430950169699088e-4,1.9683257107550034e-6,8.53438097969672e-9,1.3282264177405523e-11,7.327471962526033e-15,0,0,0,0,0,0,0,0,0,0,0,0,0,0,0,0,0,0,0,0,0,0,0,0,0,0,0,0,0,0,0,0,0,0,0,0,0,0,0,0,0,0,0,0,0,0,0,0,0,0,0,0,0,0,0,0,0,0,0,0,0,0,0,0,0,0,0,0
1.0871578904780075e-110,2.892719093039022e-101,2.882253980353319e-92,1.0756281198154044e-83,1.5038402555995088e-75,7.879051005012714e-68,1.547472476604356e-60,1.1397752914469526e-53,3.1496792967726433e-47,3.267456373243192e-41,1.2733550035364378e-35,1.865763164783346e-30,1.0289559646166898e-25,2.1387733482690055e-21,1.678539599690738e-17,4.9855645867656854e-14,5.6217823237908955e-11,2.4168454614689713e-8,3.984007339169221e-6,2.537339189414824e-4,0.006303768562235254,0.06178125208872779,0.24157529130494892,0.3801638917861702,0.2415752913049488,0.06178125208872787,0.006303768562235246,2.537339189414567e-4,3.984007339141726e-6,2.4168454682005347e-8,5.621780818643174e-11,4.984901380566953e-14,0,0,0,0,0,0,0,0,0,0,0,0,0,0,0,0,0,0,0,0,0,0,0,0,0,0,0,0,0,0,0,0,0,0,0,0,0,0,0,0,0,0,0,0,0,0,0,0,0,0,0,0,0,0,0,0,0,0,0,0,0,0,0,0,0,0,0
2.961120275099039e-113,5.215743145535791e-104,3.6546690995584754e-95,1.018899440356265e-86,1.1304656993073368e-78,4.992657756551423e-71,8.779651255974572e-64,6.149468945015794e-57,1.7162590201790492e-50,1.9094829325590413e-44,8.473856134243389e-39,1.5009879581865167e-33,1.0621184794817346e-28,3.0055952274264078e-24,3.405943324438113e-20,1.5482893127266626e-16,2.8298730518055134e-13,2.0859049613897966e-10,6.225566813469233e-8,7.563509202380211e-6,3.766170244566525e-4,0.007751071615023047,0.06656205894193905,0.24071812417591534,0.3691690045378435,0.24071812417591532,0.06656205894193912,0.007751071615022975,3.7661702445668244e-4,7.563509202390684e-6,6.22556681761921e-8,2.085904782234138e-10,2.829958489769524e-13,1.1102230246251565e-16,0,0,0,0,0,0,0,0,0,0,0,0,0,0,0,0,0,0,0,0,0,0,0,0,0,0,0,0,0,0,0,0,0,0,0,0,0,0,0,0,0,0,0,0,0,0,0,0,0,0,0,0,0,0,0,0,0,0,0,0,0,0,0,0,0
1.0841324970578643e-115,1.27600428563438e-106,6.312504366169767e-98,1.3128067517103099e-89,1.1479659596004112e-81,4.221604611988844e-74,6.53058010883086e-67,4.2508332470130593e-60,1.164629870390512e-53,1.3435777979883839e-47,6.529815248961897e-42,1.3376599692438641e-36,1.155830538344374e-31,4.216114196423239e-27,6.499170190880196e-23,4.2394569750420506e-19,1.1722291389864978e-15,1.3769825923511624e-12,6.891543867279763e-10,1.4750962141808586e-7,1.3569473819966923e-5,5.39773838311723e-4,0.009352928648230788,0.07116151414178186,0.23954887389976298,0.3587663835958774,0.23954887389976298,0.07116151414178185,0.009352928648230785,5.39773838311719e-4,1.356947382002982e-5,1.4750962140652746e-7,6.89154400212999e-10,1.3768985951401191e-12,1.2212453270876722e-15,0,0,0,0,0,0,0,0,0,0,0,0,0,0,0,0,0,0,0,0,0,0,0,0,0,0,0,0,0,0,0,0,0,0,0,0,0,0,0,0,0,0,0,0,0,0,0,0,0,0,0,0,0,0,0,0,0,0,0,0,0,0,0,0
5.2257986469170025e-118,4.1506830765825746e-109,1.457120537519585e-100,2.2612147727831803e-92,1.5514158773119802e-84,4.706891004443002e-77,6.316123422967733e-70,3.749580914292575e-63,9.850372529842154e-57,1.1455220020574185e-50,5.899347905195593e-45,1.34603305414279e-39,1.3614477018425674e-34,6.108501071851845e-30,1.2168016799995418e-25,1.0772301359149716e-21,4.2439511427906216e-18,7.452994564422207e-15,5.846835590682932e-12,2.0546598845639193e-9,3.245836855332782e-7,2.3153964472162264e-5,7.499224170410243e-4,0.011098359612328704,0.07555817385059682,0.23811421227967608,0.348911702463371,0.2381142122796761,0.07555817385059682,0.011098359612328634,7.499224170410823e-4,2.3153964472166777e-5,3.2458368548482497e-7,2.0546598866744148e-9,5.8468785368859244e-12,7.438494264988549e-15,0,0,0,0,0,0,0,0,0,0,0,0,0,0,0,0,0,0,0,0,0,0,0,0,0,0,0,0,0,0,0,0,0,0,0,0,0,0,0,0,0,0,0,0,0,0,0,0,0,0,0,0,0,0,0,0,0,0,0,0,0,0,0
3.254026834929608e-120,1.7620029127504983e-111,4.415558012776479e-103,5.1216797106518785e-95,2.7500995793142394e-87,6.836961677432348e-80,7.871107794686774e-73,4.197178552559638e-66,1.0368901829289481e-59,1.187089997922132e-53,6.300176447463063e-48,1.5506303809513298e-42,1.7707237465292472e-37,9.386879706192049e-33,2.311597775560987e-28,2.6465679473233665e-24,1.4101947998704025e-20,3.501535375321314e-17,4.0581314854710456e-14,2.199767082109925e-11,5.591731720721081e-9,6.687539548591646e-7,3.778388326684179e-5,0.0010133999325746541,0.01297404525218322,0.07973652252981159,0.2364552343835059,0.33956467930186585,0.2364552343835059,0.07973652252981156,0.012974045252183264,0.0010133999325746545,3.7783883266806484e-5,6.687539548799748e-7,5.591731744303274e-9,2.1997625943015464e-11,4.063416270128073e-14,0,0,0,0,0,0,0,0,0,0,0,0,0,0,0,0,0,0,0,0,0,0,0,0,0,0,0,0,0,0,0,0,0,0,0,0,0,0,0,0,0,0,0,0,0,0,0,0,0,0,0,0,0,0,0,0,0,0,0,0,0,0
2.572423299698705e-122,9.594730828022049e-114,1.7276607265648448e-105,1.5019925532322567e-97,6.305434822902161e-90,1.278384466003746e-82,1.2519198685769474e-75,5.922966805092089e-69,1.3540679961391824e-62,1.49618282178726e-56,7.992697151165894e-51,2.06494594729614e-45,2.5810610368491378e-40,1.561570113285337e-35,4.5754900937053285e-31,6.497055661870739e-27,4.474587484824191e-23,1.4961825072732196e-19,2.431957127954942e-16,1.9246363771938949e-13,7.430501323353649e-11,1.4029232385153081e-8,1.2993304559484296e-6,5.9248513903187473e-5,0.001335908505358581,0.014964980246137016,0.08368620558231205,0.23460801015166116,0.3306886671328839,0.23460801015166122,0.08368620558231199,0.014964980246137016,0.001335908505358585,5.9248513903154e-5,1.2993304560060537e-6,1.4029232331402852e-8,7.430500659211248e-11,1.9251267247000214e-13,2.220446049250313e-16,0,0,0,0,0,0,0,0,0,0,0,0,0,0,0,0,0,0,0,0,0,0,0,0,0,0,0,0,0,0,0,0,0,0,0,0,0,0,0,0,0,0,0,0,0,0,0,0,0,0,0,0,0,0,0,0,0,0,0,0
2.54100529452554e-124,6.596282613337753e-116,8.594142956263055e-108,5.620289854953987e-100,1.845083220439944e-92,3.041084718477701e-85,2.5168511578157376e-78,1.046097820748953e-71,2.1839956494445654e-65,2.2907960594028314e-59,1.2074818183713358e-53,3.1993030916953076e-48,4.262381924434232e-43,2.856526907360866e-38,9.634104565776004e-34,1.6360958366464618e-29,1.3999647461178912e-25,6.040676674004197e-22,1.3156573009230229e-18,1.4481646290004371e-15,8.068021810163033e-13,2.2793082773714374e-10,3.272859926207119e-8,2.3952847801104154e-6,8.964699801400853e-5,0.0017223059302697039,0.01705508658076329,0.08740127697107342,0.2326041127426708,0.3222502850701807,0.2326041127426708,0.08740127697107336,0.01705508658076338,0.0017223059302696742,8.964699801394804e-5,2.3952847801878008e-6,3.2728599275166914e-8,2.2793078535698896e-10,8.067990719951013e-13,1.4432899320127035e-15,0,0,0,0,0,0,0,0,0,0,0,0,0,0,0,0,0,0,0,0,0,0,0,0,0,0,0,0,0,0,0,0,0,0,0,0,0,0,0,0,0,0,0,0,0,0,0,0,0,0,0,0,0,0,0,0,0,0,0
3.090819449129219e-126,5.642108167381538e-118,5.357696168672641e-110,2.6468077087498413e-102,6.803266248932415e-95,9.099374235276234e-88,6.333717575964409e-81,2.294668766274669e-74,4.327774467612186e-68,4.249827727747024e-62,2.1733534932500325e-56,5.789562717688269e-51,8.035967232006446e-46,5.813644549832881e-41,2.193019644062808e-36,4.31535831455569e-32,4.432067154356086e-28,2.3773527783539208e-24,6.665327645927137e-21,9.777053622311456e-18,7.512166287198124e-15,3.027758592976666e-12,6.412755395251932e-10,7.152665914911733e-8,4.212155754592828e-6,1.3135572506259036e-4,0.002176450047982939,0.019227763238300943,0.09087948949407151,0.23047111331312214,0.3142190877094706,0.2304711133131222,0.09087948949407143,0.019227763238301,0.0021764500479829474,1.313557250625097e-4,4.21215575463485e-6,7.1526659151111e-8,6.412755881868293e-10,3.0276892104552644e-12,7.549516567451064e-15,0,0,0,0,0,0,0,0,0,0,0,0,0,0,0,0,0,0,0,0,0,0,0,0,0,0,0,0,0,0,0,0,0,0,0,0,0,0,0,0,0,0,0,0,0,0,0,0,0,0,0,0,0,0,0,0,0,0
4.5680351638087875e-128,5.9235824757788314e-120,4.130338970665524e-112,1.548702777119235e-104,3.1229876936992743e-97,3.3871572165562054e-90,1.9761115989212245e-83,6.202298241437352e-77,1.047417469498406e-70,9.518795281081976e-65,4.656051310668178e-59,1.2260752179301992e-53,1.7385360574853666e-48,1.327815233347109e-43,5.464105675421809e-39,1.2119721780085337e-34,1.449616253211656e-30,9.354750682179054e-27,3.259179040471094e-23,6.135025499833411e-20,6.245437274075374e-17,3.4422375786203165e-14,1.0286054542329526e-11,1.669204560652159e-9,1.473963805626578e-7,7.098954910166386e-6,1.86977617916709e-4,0.0027010996512589875,0.021466358839382915,0.09412164430494319,0.2282330368277118,0.30656726945594115,0.2282330368277118,0.09412164430494319,0.02146635883938297,0.0027010996512589758,1.8697761791663936e-4,7.098954910245148e-6,1.4739638054539483e-7,1.6692045523569732e-9,1.028599427854715e-11,3.441691376337985e-14,1.1102230246251565e-16,0,0,0,0,0,0,0,0,0,0,0,0,0,0,0,0,0,0,0,0,0,0,0,0,0,0,0,0,0,0,0,0,0,0,0,0,0,0,0,0,0,0,0,0,0,0,0,0,0,0,0,0,0,0,0,0
8.102637757952943e-130,7.538795902040185e-122,3.888982222110437e-114,1.1123970976744442e-106,1.7644464652923232e-99,1.5521029024967734e-92,7.572493919446228e-86,2.0493296326352285e-79,3.0767563885819117e-73,2.562970492133352e-67,1.1847648483304533e-61,3.039744954986615e-56,4.3296047342669766e-51,3.4242754022052127e-46,1.5042428368320187e-41,3.671429999926929e-37,4.980624238865817e-33,3.7571284804564244e-29,1.5768143053852473e-25,3.6840877943362585e-22,4.795470021824121e-19,3.480784778892315e-16,1.4103949476937082e-13,3.194400014392475e-11,4.050411901298722e-9,2.88049243908466e-7,1.1513603819381463e-5,2.5927686870871674e-4,0.0032978700162983386,0.023754562219446336,0.09713100805704208,0.22591077685228644,0.299269400501315,0.22591077685228644,0.09713100805704211,0.023754562219446274,0.003297870016298332,2.5927686870874656e-4,1.1513603819346407e-5,2.8804924390168907e-7,4.0504120057960336e-9,3.1943891976027317e-11,1.411093464298574e-13,3.3306690738754696e-16,0,0,0,0,0,0,0,0,0,0,0,0,0,0,0,0,0,0,0,0,0,0,0,0,0,0,0,0,0,0,0,0,0,0,0,0,0,0,0,0,0,0,0,0,0,0,0,0,0,0,0,0,0,0,0
1.705471736865933e-131,1.1496827502266054e-123,4.420990025936727e-116,9.698345403922847e-109,1.213790755338938e-101,8.667480193160284e-95,3.531696114206673e-88,8.212174697322597e-82,1.0898466618691034e-75,8.255793438906975e-70,3.570253885699696e-64,8.815661682619815e-59,1.2430951743322839e-53,1.001236851038239e-48,4.607389752341373e-44,1.2116508787839737e-39,1.8215561023748056e-35,1.5660714992788749e-31,7.703259247960249e-28,2.168981372366994e-24,3.498017929989215e-21,3.2336318592017734e-18,1.7149050391383679e-15,5.223020253636347e-13,9.14683513790798e-11,9.223960754742455e-9,5.365280761120692e-7,1.8035427876864096e-5,3.5110368369452115e-4,0.003967237644697982,0.026076712045979254,0.09991280021383611,0.2235224695105807,0.2923021912586106,0.22352246951058075,0.09991280021383608,0.026076712045979278,0.003967237644697974,3.5110368369450917e-4,1.8035427876927912e-5,5.365280760782909e-7,9.223960706350454e-9,9.146838841900262e-11,5.223599330861362e-13,1.6653345369377348e-15,0,0,0,0,0,0,0,0,0,0,0,0,0,0,0,0,0,0,0,0,0,0,0,0,0,0,0,0,0,0,0,0,0,0,0,0,0,0,0,0,0,0,0,0,0,0,0,0,0,0,0,0,0,0
4.2155133866222e-133,2.078604392869139e-125,6.00314614752224e-118,1.015541487317494e-110,1.0063675724449489e-103,5.842345603818201e-97,1.9871206706766786e-90,3.960099978953947e-84,4.62461779216193e-78,3.1650546944361013e-72,1.2696265234993293e-66,2.9855245711839118e-61,4.116078637099578e-56,3.327689876987166e-51,1.5779276942827859e-46,4.389534905132807e-42,7.165638682557056e-38,6.866462048329801e-34,3.863779409459467e-30,1.2772610471586155e-26,2.4817323628896353e-23,2.835944637834816e-20,1.907283008941147e-17,7.555624003930923e-15,1.764785553741701e-12,2.433227992958997e-10,1.9830199472037565e-8,9.567381447982328e-7,2.7373402983807802e-5,4.653140075014981e-4,0.004708586589230663,0.028418030745765228,0.10247374911465476,0.22108382820072314,0.2856442822514029,0.22108382820072314,0.10247374911465479,0.02841803074576521,0.004708586589230679,4.653140075014939e-4,2.737340298375468e-5,9.567381448194467e-7,1.9830199482484545e-8,2.4332280634808967e-10,1.7648105199441488e-12,7.549516567451064e-15,0,0,0,0,0,0,0,0,0,0,0,0,0,0,0,0,0,0,0,0,0,0,0,0,0,0,0,0,0,0,0,0,0,0,0,0,0,0,0,0,0,0,0,0,0,0,0,0,0,0,0,0,0
1.2118869432929103e-134,4.411498343591347e-127,9.640104757727523e-120,1.264656811678959e-112,9.960585553564752e-106,4.710280815557317e-99,1.3374879237968488e-92,2.2805981678064287e-86,2.3354037137605525e-80,1.436389589075334e-74,5.306735067990338e-69,1.177825676950556e-63,1.5707005627506523e-58,1.2587304829596192e-53,6.062845883737829e-49,1.755549688465882e-44,3.056637138531349e-40,3.200999149355946e-36,2.016848505656553e-32,7.648286358693125e-29,1.7463910698054478e-25,2.402260270578036e-22,1.991827600966108e-19,9.961675872651635e-17,3.0075233434907836e-14,5.4863931064399886e-12,6.053916560975184e-10,4.0457312759958314e-8,1.6397498579738237e-6,4.0369170504126096e-5,6.046890801659632e-4,0.0055202876647510194,0.030764790546980725,0.1048217128662364,0.21860844150877742,0.27927605668901073,0.21860844150877745,0.10482171286623643,0.03076479054698067,0.0055202876647511,6.046890801659766e-4,4.0369170504095386e-5,1.6397498580067449e-6,4.045731272217523e-8,6.053916257187097e-10,5.486389120790136e-12,3.008704396734174e-14,1.1102230246251565e-16,0,0,0,0,0,0,0,0,0,0,0,0,0,0,0,0,0,0,0,0,0,0,0,0,0,0,0,0,0,0,0,0,0,0,0,0,0,0,0,0,0,0,0,0,0,0,0,0,0,0,0
4.016209361224199e-136,1.089024546305758e-128,1.8138272873685127e-121,1.8557214421345038e-114,1.1663043546651126e-107,4.503178702480099e-101,1.0682258946404322e-94,1.5569512161973757e-88,1.394406915293773e-82,7.674411128408015e-77,2.5958781723550403e-71,5.397031251031032e-66,6.897796161586812e-61,5.420142114646729e-56,2.618929323160224e-51,7.782635647078221e-47,1.4226799506995723e-42,1.6001687106692626e-38,1.1076890339967983e-34,4.720594774965876e-31,1.2389584473095203e-27,2.003444419196737e-24,1.9969505746176432e-21,1.227638193775327e-18,4.657688376804436e-16,1.091434037444102e-13,1.5810055585645707e-11,1.4171511549170657e-9,7.869411330399391e-8,2.7105947065925885e-6,5.799425029613885e-5,7.71859152154094e-4,0.006399801685991304,0.03310442071276057,0.10696535967174059,0.21610803719983013,0.27317947321067293,0.21610803719983018,0.10696535967174048,0.03310442071276065,0.006399801685991302,7.71859152154053e-4,5.799425029617833e-5,2.7105947065786395e-6,7.869411333683018e-8,1.4171510631655337e-9,1.5810130982174542e-11,1.0913492332065289e-13,4.440892098500626e-16,0,0,0,0,0,0,0,0,0,0,0,0,0,0,0,0,0,0,0,0,0,0,0,0,0,0,0,0,0,0,0,0,0,0,0,0,0,0,0,0,0,0,0,0,0,0,0,0,0,0
1.5217397082599352e-137,3.100493858259734e-130,3.964298932772761e-123,3.18102281253037e-116,1.6019674268110923e-109,5.063498964093652e-103,1.0045783174496012e-96,1.251069185545194e-90,9.780805116753044e-85,4.80062969602498e-79,1.4794164467273656e-73,2.862819103736397e-68,3.4790136036684697e-63,2.6554023082493387e-58,1.2731405318322686e-53,3.83496762428896e-49,7.258767954291663e-45,8.635093046223501e-41,6.457634183974797e-37,3.036659754168591e-33,8.98185856552072e-30,1.6716099598337194e-26,1.9582913120149312e-23,1.444760494644884e-20,6.716225833624678e-18,1.9685070472563535e-15,3.6403541672823357e-13,4.2511210876522535e-11,3.1377834290790457e-9,1.4654039391269e-7,4.335183266281196e-6,8.134133307972921e-5,9.692348820543785e-4,0.007343798378031216,0.03542556538834343,0.10891390150696734,0.21359271534083363,0.2673379165327389,0.21359271534083357,0.10891390150696734,0.035425565388343405,0.00734379837803123,9.692348820543595e-4,8.134133307979852e-5,4.335183266257481e-6,1.4654039393047213e-7,3.1377833664691934e-9,4.251121676901448e-11,3.6404212977458883e-13,1.9984014443252818e-15,0,0,0,0,0,0,0,0,0,0,0,0,0,0,0,0,0,0,0,0,0,0,0,0,0,0,0,0,0,0,0,0,0,0,0,0,0,0,0,0,0,0,0,0,0,0,0,0,0
6.542229256118226e-139,1.0100282674532395e-131,9.983750058044423e-125,6.318653083266355e-118,2.5606239687969966e-111,6.6447584966301435e-105,1.1042014257076259e-98,1.1751111884038825e-92,8.009392028680849e-87,3.496562661529764e-81,9.777746059699718e-76,1.75158041965352e-70,2.0102856345096254e-65,1.4783224603734235e-60,6.966542578576757e-56,2.1040770956732995e-51,4.073515019339448e-47,5.056106503251194e-43,4.024282873194236e-39,2.0543969927809873e-35,6.728465946415251e-32,1.4142045117054216e-28,1.9081858045515937e-25,1.6535276513137652e-22,9.206200167550602e-20,3.294979569335445e-17,7.585545395415886e-15,1.1240298375053455e-12,1.0729033417099895e-10,6.602539112542204e-9,2.6220757280940017e-7,6.726913256646385e-6,1.1160996700530304e-4,0.001198949004062935,0.008348283539631119,0.037718101192637805,0.11067687487257541,0.2110711536058413,0.26173606397291116,0.21107115360584128,0.11067687487257538,0.037718101192637854,0.00834828353963113,0.0011989490040629214,1.1160996700532166e-4,6.726913256649425e-6,2.6220757276540496e-7,6.6025391820545565e-9,1.0729028776523819e-10,1.1239897901305085e-12,7.66053886991358e-15,0,0,0,0,0,0,0,0,0,0,0,0,0,0,0,0,0,0,0,0,0,0,0,0,0,0,0,0,0,0,0,0,0,0,0,0,0,0,0,0,0,0,0,0,0,0,0,0
3.1688752805865664e-140,3.737273118842853e-133,2.8755055367935057e-126,1.4434443798537978e-119,4.7274899254305326e-113,1.0102426582996311e-106,1.4086623820792867e-100,1.2817337759815278e-94,7.610693731870187e-89,2.9492697231089574e-83,7.4593287222891265e-78,1.2314433042266137e-72,1.327078527165186e-67,9.336598184355663e-63,4.2888190063381134e-58,1.2864606134104767e-53,2.520136914032579e-49,3.224684344624512e-45,2.695633762073113e-41,1.4724153442009404e-37,5.256447440030781e-34,1.226752982490755e-30,1.872193040773951e-27,1.869032393526461e-24,1.2210136667168284e-21,5.222161065651673e-19,1.462922763429546e-16,2.6858335052358893e-14,3.2337088245149786e-12,2.5550458724041347e-10,1.325925067774107e-8,4.5231532388456714e-7,1.0152514831716382e-5,1.500873253259145e-4,0.0014628098929958314,0.009408728206978526,0.03997312299030428,0.11226396251285019,0.2085507876988528,0.25635976604904176,0.20855078769885282,0.1122639625128502,0.0399731229903042,0.009408728206978578,0.0014628098929958533,1.500873253258428e-4,1.0152514831718307e-5,4.5231532397327356e-7,1.3259250586372673e-8,2.5550461746348674e-10,3.2337466038256935e-12,2.6867397195928788e-14,1.1102230246251565e-16,0,0,0,0,0,0,0,0,0,0,0,0,0,0,0,0,0,0,0,0,0,0,0,0,0,0,0,0,0,0,0,0,0,0,0,0,0,0,0,0,0,0,0,0,0,0
1.7180321536619368e-141,1.5600030987496013e-134,9.405499507323633e-128,3.7654422785382007e-121,1.0010243703426301e-114,1.7672014152270592e-108,2.0718580179816132e-102,1.6131993191031242e-96,8.34245181740477e-91,2.8655156289829594e-85,6.5379789722659205e-80,9.909392266838004e-75,9.978094166948488e-70,6.675491127706801e-65,2.967536281815946e-60,8.76663567106734e-56,1.7212596164565633e-51,2.2464408842583546e-47,1.949147717554041e-43,1.124527247210744e-39,4.3147404766356874e-36,1.1012705010247197e-32,1.8702342643480215e-29,2.113895674626703e-26,1.590729971017163e-23,7.972488554548943e-21,2.662298910481981e-18,5.926392329493221e-16,8.798860185800299e-14,8.718163629146563e-12,5.768670273908233e-10,2.5509212905904515e-8,7.544567077252119e-7,1.4936701461652196e-5,1.9812502377938922e-4,0.0017622677605403222,0.010520194811910674,0.042182905360675996,0.11368485036493317,0.20603796964792742,0.25119593955435393,0.20603796964792742,0.11368485036493314,0.04218290536067604,0.010520194811910688,0.001762267760540337,1.981250237793608e-4,1.4936701461687463e-5,7.544567076633868e-7,2.550921296418096e-8,5.76866998613923e-10,8.718137323171504e-12,8.804068585277491e-14,5.551115123125783e-16,0,0,0,0,0,0,0,0,0,0,0,0,0,0,0,0,0,0,0,0,0,0,0,0,0,0,0,0,0,0,0,0,0,0,0,0,0,0,0,0,0,0,0,0,0
1.0362347018997768e-142,7.299268900114654e-136,3.4709746240860216e-129,1.1142654929746742e-122,2.4149414304132765e-116,3.5336374064952534e-110,3.491025491793858e-104,2.3287318324090454e-98,1.0489212613356499e-92,3.1904117845012534e-87,6.553250088803388e-82,9.090778748036003e-77,8.517473417453562e-72,5.3903880652848234e-67,2.304446524404818e-62,6.655681388000765e-58,1.2988061296135904e-53,1.712671449219852e-49,1.5262998974574154e-45,9.194053246377695e-42,3.744111947039601e-38,1.0309746199041794e-34,1.919984911097918e-31,2.4188221665743206e-28,2.0619868536000033e-25,1.1898139298990445e-22,4.6487545047523195e-20,1.2303583993316567e-17,2.2067797628191707e-15,2.683718969999942e-13,2.214158968356834e-11,1.2400588602656396e-9,4.71769229609819e-8,1.2200684380076439e-6,2.1465254360642523e-5,2.571131343867328e-4,0.00209839344534351,0.011677456543890094,0.04434084626493229,0.11494911449360565,0.20353810650787593,0.24623247169554624,0.20353810650787596,0.11494911449360568,0.04434084626493229,0.011677456543890075,0.0020983934453435715,2.5711313438669947e-4,2.146525436064195e-5,1.2200684379459759e-6,4.717692303479737e-8,1.2400588333960627e-9,2.2141621869309347e-11,2.6834090505190034e-13,2.220446049250313e-15,0,0,0,0,0,0,0,0,0,0,0,0,0,0,0,0,0,0,0,0,0,0,0,0,0,0,0,0,0,0,0,0,0,0,0,0,0,0,0,0,0,0,0,0
6.9139108631364e-144,3.8057242341241293e-137,1.4363594377823627e-130,3.7171876579474374e-124,6.596380937423476e-118,8.02698313179952e-112,6.698400563671611e-106,3.8333651487071843e-100,1.5045246681366048e-94,4.049952865866247e-89,7.477485890741417e-84,9.469822830209689e-79,8.226911700968917e-74,4.903107868897602e-69,2.0048400955736863e-64,5.624699577702496e-60,1.0828589720833672e-55,1.4306840454857804e-51,1.297377572021495e-47,8.076020406892595e-44,3.451446986198535e-40,1.0128614006172611e-36,2.0413854728430024e-33,2.8262954068638682e-30,2.6886268206038126e-27,1.757842322622783e-24,7.901260405377268e-22,2.442456835164339e-19,5.19441274828071e-17,7.603428973192324e-15,7.663922395337582e-13,5.322156472760933e-11,2.5478072583986407e-9,8.41308133852144e-8,1.9175083101580933e-6,3.0186258432847244e-5,3.2845261718670194e-4,0.0024718691419593763,0.012875107236841413,0.04644139839255561,0.11606613331054177,0.20105578177881536,0.24145813404548105,0.20105578177881533,0.11606613331054172,0.04644139839255568,0.012875107236841377,0.002471869141959404,3.2845261718672525e-4,3.018625843276279e-5,1.917508310134153e-6,8.41308134269525e-8,2.5478072984697064e-9,5.3221538287573367e-11,7.663869538987456e-13,7.66053886991358e-15,0,0,0,0,0,0,0,0,0,0,0,0,0,0,0,0,0,0,0,0,0,0,0,0,0,0,0,0,0,0,0,0,0,0,0,0,0,0,0,0,0,0,0
5.076157149914307e-145,2.1988312722932778e-138,6.627175398793353e-132,1.3898151261103887e-125,2.0281072291033197e-119,2.0594176739563352e-113,1.4552348121702832e-107,7.156053350414083e-102,2.4489733420518025e-96,5.832896075338082e-91,9.669311509671967e-86,1.1156844536756319e-80,8.960810474655612e-76,5.010041180035346e-71,1.9500877835671556e-66,5.284693073336618e-62,9.971844860865027e-58,1.3102759521827317e-53,1.199022777678204e-49,7.642237374534144e-46,3.3931174046364305e-42,1.0496052460548147e-38,2.262417894713977e-35,3.3987475044878356e-32,3.5592079949787633e-29,2.598820231824945e-26,1.3234260913314763e-23,4.701640665121056e-21,1.1656443395789837e-18,2.017466529195e-16,2.438621005657465e-14,2.059548529100712e-12,1.2159053549232045e-10,5.020598080487213e-9,1.450718102235096e-7,2.9352123806783606e-6,4.160931749173189e-5,4.1352737361284944e-4,0.002882989958408853,0.014107660069579916,0.04847999270022078,0.11704502092971796,0.19859486161793338,0.23686250520914176,0.19859486161793338,0.11704502092971791,0.04847999270022085,0.014107660069579864,0.0028829899584088547,4.135273736128875e-4,4.160931749175312e-5,2.9352123805947983e-6,1.450718102313786e-7,5.020598159433121e-9,1.2159051543392252e-10,2.059574732982128e-12,2.4313884239290928e-14,2.220446049250313e-16,0,0,0,0,0,0,0,0,0,0,0,0,0,0,0,0,0,0,0,0,0,0,0,0,0,0,0,0,0,0,0,0,0,0,0,0,0,0,0,0,0
4.080878227980019e-146,1.4005347462769248e-139,3.390918255876059e-133,5.7920906127109654e-127,6.980078724633277e-121,5.934792325901764e-115,3.5602892185606025e-109,1.5070061693998153e-103,4.5010256615506527e-98,9.48621055134444e-93,1.4108423847041016e-87,1.4807784594682576e-82,1.0968591004232325e-77,5.734376909800652e-73,2.116041390256344e-68,5.5118225546811786e-64,1.0135218583023898e-59,1.3157547993392873e-55,1.2060402015814983e-51,7.806188180327126e-48,3.568264759244229e-44,1.1520517642989296e-40,2.6275210035129373e-37,4.233984644021495e-34,4.821242016801459e-31,3.880269909858196e-28,2.20777704341221e-25,8.882740032934877e-23,2.5278874451028503e-20,5.0900450012590246e-18,7.254160268979446e-16,7.320117459896203e-14,5.232312679353098e-12,2.6503846359854665e-10,9.518602128836391e-9,2.4249837244819275e-7,4.384783459750251e-6,5.630269451863921e-5,5.136770320614724e-4,0.0033316748919362126,0.015369634174864637,0.0504529577749937,0.11789457804439143,0.19615858770060532,0.23243590123169916,0.19615858770060524,0.11789457804439152,0.05045295777499359,0.0153696341748647,0.0033316748919361983,5.136770320615103e-4,5.630269451861736e-5,4.384783459765451e-6,2.424983723825491e-7,9.518602128721909e-9,2.650385466651528e-10,5.232259070453438e-12,7.316369732279782e-14,7.771561172376096e-16,0,0,0,0,0,0,0,0,0,0,0,0,0,0,0,0,0,0,0,0,0,0,0,0,0,0,0,0,0,0,0,0,0,0,0,0,0,0,0,0
3.575883617217641e-147,9.786778853538633e-141,1.914459004235089e-134,2.676781175205185e-128,2.675171699046279e-122,1.9110620321158899e-116,9.758779528508633e-111,3.562280564704615e-105,9.295827459700705e-100,1.7341712464358947e-94,2.3129059090460973e-89,2.2054926336570096e-84,1.5036828155014758e-79,7.330491075073094e-75,2.5554152006132492e-70,6.37043667810319e-66,1.135760313506567e-61,1.4482627837844283e-57,1.32095513253647e-53,8.61885151901831e-50,4.0232430575361804e-46,1.3437497721122885e-42,3.211670210346972e-39,5.493828910956943e-36,6.726963045330687e-33,5.897098759619752e-30,3.70183832095995e-27,1.6643698852619254e-24,5.360923935239844e-22,1.237377346001046e-19,2.0472216310784766e-17,2.428667517476183e-15,2.0666427402279886e-13,1.2618971665107302e-11,5.53125744047161e-10,1.7412345762982875e-8,3.9384607679137124e-7,6.403852049389432e-6,7.488843809119202e-5,6.301714281083576e-4,0.003817485649883568,0.016655628896754517,0.0523574378759204,0.11862325720901078,0.19374965837961583,0.22816931289237918,0.19374965837961577,0.11862325720901079,0.0523574378759204,0.016655628896754537,0.0038174856498836007,6.301714281083948e-4,7.488843809111412e-5,6.403852049419179e-6,3.938460767516361e-7,1.7412345787448658e-8,5.531257674107337e-10,1.2618905920191992e-11,2.0672352718520415e-13,2.4424906541753444e-15,0,0,0,0,0,0,0,0,0,0,0,0,0,0,0,0,0,0,0,0,0,0,0,0,0,0,0,0,0,0,0,0,0,0,0,0,0,0,0
3.4006265064285665e-148,7.468966624446258e-142,1.1870436416987091e-135,1.3651717713453802e-129,1.1361431820960604e-123,6.842510377668181e-118,2.9822690034516817e-112,9.406766509162134e-107,2.147387308910654e-101,3.5479072840671266e-96,4.242703105912811e-91,3.6723117007603144e-86,2.300819171453301e-81,1.0435006748528282e-76,3.4260477003851896e-72,8.143474400556407e-68,1.401423230175967e-63,1.7462336502056225e-59,1.5755856613040545e-55,1.0294962616329557e-51,4.8718148373203707e-48,1.6698763842457627e-44,4.1462393521752086e-41,7.4585612286472e-38,9.721792514093472e-35,9.183213118948049e-32,6.287436622675144e-29,3.120791649823165e-26,1.1232033790866028e-23,2.931934492638514e-21,5.552164790418783e-19,7.629630570417478e-17,7.610443245108593e-15,5.512206319014637e-13,2.900048929528794e-11,1.1087042959704315e-9,3.0812905158061515e-8,6.227876054855241e-7,9.158551945452521e-6,9.803565975857769e-5,7.641875594816836e-4,0.004339651694291181,0.017960385929520276,0.054191311838723596,0.11923913986269934,0.19137029960032453,0.224054349128962,0.1913702996003246,0.1192391398626993,0.05419131183872361,0.017960385929520317,0.00433965169429118,7.641875594817105e-4,9.803565975852191e-5,9.158551945498417e-6,6.227876054865078e-7,3.081290511630641e-8,1.1087043505497718e-9,2.90004686931411e-11,5.512257317263902e-13,7.549516567451064e-15,1.1102230246251565e-16,0,0,0,0,0,0,0,0,0,0,0,0,0,0,0,0,0,0,0,0,0,0,0,0,0,0,0,0,0,0,0,0,0,0,0,0,0
3.4957100168518334e-149,6.19885106634987e-143,8.0474213984811575e-137,7.648586740934313e-131,5.322241222212862e-125,2.711486910687787e-119,1.0114199859178155e-113,2.762351322668389e-108,5.524117149974633e-103,8.089052854713304e-98,8.673585199033423e-93,6.810553343411535e-88,3.916218187714439e-83,1.6491932972873174e-78,5.0864828915140695e-74,1.1490210128439852e-69,1.9011999456287444e-65,2.3043288021370004e-61,2.0460107206279962e-57,1.330917105946106e-53,6.343220467916221e-50,2.215256079087109e-46,5.669399114744383e-43,1.0634012810698238e-39,1.4620338599078241e-36,1.4735889196950144e-33,1.088976703327616e-30,5.9014065981073e-28,2.345664760664176e-25,6.839692385946016e-23,1.4633992314064047e-20,2.2979962474885376e-18,2.649173058292702e-16,2.2426944634666745e-14,1.3946425785142153e-12,6.372836307399795e-11,2.140586096983384e-9,5.2871744197594155e-8,9.606662131739682e-7,1.2845464989535511e-5,1.2645221245220987e-4,9.167895981518012e-4,0.004897099929842004,0.01927883993076001,0.05595311446455639,0.11974992283604385,0.18902232685618925,0.2200831859266515,0.18902232685618936,0.1197499228360438,0.05595311446455642,0.01927883993075996,0.004897099929841997,9.167895981517793e-4,1.264522124522216e-4,1.2845464989585942e-5,9.60666213134509e-7,5.2871744204985305e-8,2.140586152776791e-9,6.372835592571846e-11,1.3946621635341216e-12,2.2426505097428162e-14,2.220446049250313e-16,0,0,0,0,0,0,0,0,0,0,0,0,0,0,0,0,0,0,0,0,0,0,0,0,0,0,0,0,0,0,0,0,0,0,0,0
3.869713919941652e-150,5.572648233332081e-144,5.940325771680919e-138,4.6874137630470535e-132,2.7380416869216014e-126,1.1839695669034039e-120,3.7900541926955527e-115,8.981857076660301e-110,1.5758503720291975e-104,2.046940086536468e-99,1.9685697251386553e-94,1.4017394755910843e-89,7.390454969651439e-85,2.8852290962013186e-80,8.340922198764806e-76,1.7856383837960918e-71,2.831010641972193e-67,3.324167845531304e-63,2.8909794787026895e-59,1.8623331732044198e-55,8.886945884109011e-52,3.1417098092546e-48,8.228809803213841e-45,1.5970124172577834e-41,2.296820319579856e-38,2.4481897370592407e-35,1.934280762163261e-32,1.1329562117691762e-29,4.9203381591489414e-27,1.5846772857201596e-24,3.785593187452822e-22,6.709115589596063e-20,8.823361572476705e-18,8.612875067024719e-16,6.242003103910959e-14,3.35959299924469e-12,1.3432891558078255e-10,3.991289572896986e-9,8.815862346515996e-8,1.4480235348517894e-6,1.7692911491796868e-5,1.608750830459525e-4,0.0010889123445407135,0.0054884875608522486,0.020606158446381976,0.057641961548036746,0.12016291243976383,0.18670719931311838,0.21624852008313727,0.1867071993131184,0.12016291243976385,0.0576419615480368,0.020606158446381917,0.005488487560852295,0.0010889123445406712,1.6087508304596376e-4,1.7692911491784535e-5,1.4480235348557358e-6,8.815862351241321e-8,3.991289521110275e-9,1.3432888135156418e-10,3.3596458948181862e-12,6.23945339839338e-14,8.881784197001252e-16,0,0,0,0,0,0,0,0,0,0,0,0,0,0,0,0,0,0,0,0,0,0,0,0,0,0,0,0,0,0,0,0,0,0,0
4.596823841027739e-151,5.406145580819413e-145,4.755862524565546e-139,3.1296117195734736e-133,1.5405648449659163e-127,5.672926973983353e-122,1.5627231838201035e-116,3.22044013730688e-111,4.964987279265944e-106,5.726681567324142e-101,4.941776242044806e-96,3.1906005055932674e-91,1.5412970754160339e-86,5.571104741932217e-82,1.5067983806192783e-77,3.049629626128963e-73,4.6188950214966036e-69,5.2354116509642184e-65,4.441299198939991e-61,2.8199576897940116e-57,1.3402254988721174e-53,4.768128540033338e-50,1.2699537392727411e-46,2.5324222150438483e-43,3.781243697947999e-40,4.227948500290159e-37,3.540558404136021e-34,2.220835381469018e-31,1.0435765679342517e-28,3.674195203720297e-26,9.693998376363361e-24,1.917017135766791e-21,2.8419599792238615e-19,3.1591682317280917e-17,2.6338548043132164e-15,1.6473435317582832e-13,7.731541843280623e-12,2.723709676765446e-10,7.204394744162801e-9,1.43123260969783e-7,2.1361720482940913e-6,2.3961492441434167e-5,2.020598514897034e-4,0.0012813483240082476,0.006112236792347712,0.021937772136066343,0.05925747932200705,0.1204850245445942,0.18442606709196302,0.21254352733021675,0.18442606709196296,0.12048502454459431,0.05925747932200698,0.021937772136066402,0.006112236792347625,0.0012813483240082801,2.0205985148968875e-4,2.396149244143775e-5,2.1361720483614732e-6,1.4312326090948346e-7,7.204394747439835e-9,2.7237101463128965e-10,7.731482121187128e-12,1.6475709685437323e-13,2.6645352591003757e-15,0,0,0,0,0,0,0,0,0,0,0,0,0,0,0,0,0,0,0,0,0,0,0,0,0,0,0,0,0,0,0,0,0,0
5.84030596569255e-152,5.639800430801303e-146,4.1144916351785745e-140,2.26777679253339e-134,9.443311214209138e-129,2.9709606835892965e-123,7.061995357388363e-118,1.2683111801693636e-112,1.721086601060843e-107,1.7646944929747938e-102,1.3672201824956166e-97,8.004286723537335e-93,3.541083546376812e-88,1.183843435168416e-83,2.990978726516506e-79,5.710985366905489e-75,8.241506428069668e-71,8.989193868539967e-67,7.410986228918008e-63,4.618456419384678e-59,2.1757545359981094e-55,7.748972917312171e-52,2.086561549448719e-48,4.248206046382142e-45,6.540409623659172e-42,7.615010697170378e-39,6.705749248109208e-36,4.466677072515529e-33,2.2507956226552693e-30,8.581448380437245e-28,2.4758381982219747e-25,5.406184573501484e-23,8.935981834673891e-21,1.1183008498092647e-18,1.059811634004601e-16,7.60759920717279e-15,4.137302189281726e-13,1.7050829501830802e-11,5.326550876251744e-10,1.261645783296977e-8,2.2664271825864716e-7,3.0887545513828504e-6,3.1943824116109965e-5,2.5076958523711736e-4,0.0014947385618508044,0.006766570224363321,0.02326939636400198,0.060799738795516214,0.12072278932978793,0.18217981257502103,0.20896182435250132,0.18217981257502103,0.12072278932978797,0.060799738795516145,0.02326939636400205,0.006766570224363222,0.0014947385618508946,2.5076958523706505e-4,3.194382411608743e-5,3.0887545514612924e-6,2.2664271825956206e-7,1.261645776740039e-8,5.326551422157877e-10,1.7050805212193154e-11,4.1378012127779584e-13,7.549516567451064e-15,1.1102230246251565e-16,0,0,0,0,0,0,0,0,0,0,0,0,0,0,0,0,0,0,0,0,0,0,0,0,0,0,0,0,0,0,0,0
7.911572625190295e-153,6.306014094849908e-147,3.833244248802492e-141,1.777069085535624e-135,6.283130628951628e-130,1.6942988268796403e-124,3.4846149393342304e-119,5.466127268902587e-114,6.539955200572728e-109,5.968298160491653e-104,4.154495723508941e-99,2.2059231070001862e-94,8.934695340533085e-90,2.760581078861557e-85,6.506804754798121e-81,1.170032327114322e-76,1.6051231790307538e-72,1.68003494555325e-68,1.341677997436125e-64,8.175618629411294e-61,3.801539456495946e-57,1.3489356218953992e-53,3.6529554395580573e-50,7.550054133552754e-47,1.1910834125325415e-43,1.4343582147984189e-40,1.3186715940061357e-37,9.255995157990615e-35,4.960949792716194e-32,2.030550782872216e-29,6.3478526954494925e-27,1.5158817901475147e-24,2.7656427687290913e-22,3.8555937028536334e-20,4.107983488830387e-18,3.3457378964901117e-16,2.0833882872999982e-14,9.921068321060862e-13,3.613737851979572e-11,1.0070929293844518e-9,2.1478586247786165e-8,3.5065202217601684e-7,4.383228322540228e-6,4.196344230874081e-5,3.077635332943422e-4,0.0017295669350656231,0.007449545972597267,0.024597045238501335,0.062269195226288945,0.12088235960706446,0.17996908649343768,0.2054974342965341,0.17996908649343768,0.1208823596070645,0.06226919522628893,0.02459704523850126,0.007449545972597282,0.0017295669350656517,3.0776353329431405e-4,4.196344230877891e-5,4.383228322524246e-6,3.506520221963072e-7,2.1478586242906772e-8,1.0070929645777937e-9,3.6137315362338995e-11,9.920952948050399e-13,2.0872192862952943e-14,3.3306690738754696e-16,0,0,0,0,0,0,0,0,0,0,0,0,0,0,0,0,0,0,0,0,0,0,0,0,0,0,0,0,0,0,0
1.139387164135716e-153,7.533749285319745e-148,3.833208577791504e-142,1.5008299774226909e-136,4.521947627348347e-131,1.0484608824353152e-125,1.8707673380472802e-120,2.5688389154821144e-115,2.714643401762267e-110,2.2077883244711906e-105,1.381915183545404e-100,6.657267135277137e-96,2.4683875988558684e-91,7.044440816231392e-87,1.5474245364107602e-82,2.616479065186077e-78,3.4055407842178318e-74,3.412191667672344e-70,2.631952997242237e-66,1.5629339114914366e-62,7.145669829331661e-59,2.5154114510766297e-55,6.818122612878657e-52,1.4231097836357867e-48,2.2874962167550893e-45,2.8318089610036846e-42,2.7001332471408447e-39,1.983185548161012e-36,1.122124501328786e-33,4.891753884558409e-31,1.6431767248553242e-28,4.253579551518473e-26,8.486613280233663e-24,1.3052313348376974e-21,1.5476841394298503e-19,1.4151173866366666e-17,9.979216792178146e-16,5.428474674518172e-14,2.2783728108765734e-12,7.379551619597209e-11,1.8449718425499406e-9,3.56125795750964e-8,5.308506053966528e-7,6.112210550861855e-6,5.437288948278413e-5,3.737859625225257e-4,0.001986157889228883,0.008159091731118548,0.02591703916056868,0.06366663278888351,0.12096952182184686,0.1777943394565058,0.2021447554100111,0.1777943394565058,0.12096952182184684,0.06366663278888351,0.025917039160568645,0.008159091731118617,0.0019861578892288456,3.73785962522577e-4,5.437288948273444e-5,6.1122105509126e-6,5.308506053625095e-7,3.561257955198016e-8,1.8449718419688566e-9,7.379552524611199e-11,2.2783996911357463e-12,5.4289905904170155e-14,9.992007221626409e-16,0,0,0,0,0,0,0,0,0,0,0,0,0,0,0,0,0,0,0,0,0,0,0,0,0,0,0,0,0,0
1.7396747002319816e-154,9.588721978982396e-149,4.10172899597959e-143,1.3617348897420517e-137,3.5086846565652647e-132,7.016644957330733e-127,1.0890698290673816e-121,1.3119919449636197e-116,1.2267738506621052e-111,8.903586976778996e-107,5.015826778440368e-102,2.1933484517278045e-97,7.445118214308588e-93,1.9617628708273106e-88,4.0127797910686784e-84,6.3720908402325124e-80,7.855455138916469e-76,7.518472184265019e-72,5.58694018773974e-68,3.223467651828119e-64,1.4441012959258445e-60,5.023643940646601e-57,1.3570957111936965e-53,2.8470694932853154e-50,4.638838676842451e-47,5.870485849035369e-44,5.770651869302545e-41,4.406532409866176e-38,2.6141378930696835e-35,1.2049271731038164e-32,4.315574898553718e-30,1.2011866363515585e-27,2.5985350937990914e-25,4.369676594292798e-23,5.712591963557995e-21,5.806912100560081e-19,4.5904449752835196e-17,2.8225103158672608e-15,1.3500986239405514e-13,5.024890958613387e-12,1.4554743596837122e-10,3.2816166210422537e-9,5.7605949563212397e-8,7.87472107886726e-7,8.384624176644862e-6,6.955103149065839e-5,4.4955544377911185e-4,0.0022646772268908487,0.008893037165854947,0.027226006888219682,0.06499311436526649,0.12098970899840877,0.17565584949976434,0.19889853249152845,0.17565584949976432,0.12098970899840877,0.06499311436526656,0.027226006888219634,0.008893037165854989,0.002264677226890832,4.4955544377911494e-4,6.955103149064445e-5,8.38462417662722e-6,7.87472107854903e-7,5.760594956605303e-8,3.2816166450899686e-9,1.4554746297079646e-10,5.0248694094534585e-12,1.3500311979441904e-13,2.886579864025407e-15,0,0,0,0,0,0,0,0,0,0,0,0,0,0,0,0,0,0,0,0,0,0,0,0,0,0,0,0,0
2.8088570933115604e-155,1.2965966491467987e-149,4.6829343898802365e-144,1.3233493185488052e-138,2.9260421668383395e-133,5.062244462099728e-128,6.852819706537696e-123,7.2588330877189605e-118,6.016497816836388e-113,3.902193717364175e-108,1.9804834713540662e-103,7.865761884806577e-99,2.4447139616274053e-94,5.946264580308055e-90,1.1318825080112369e-85,1.686212455677077e-81,1.9660333572989992e-77,1.7941219324855703e-73,1.2814789146979448e-69,7.164511371573425e-66,3.135420401664073e-62,1.074135349390129e-58,2.8806982758440583e-55,6.048327426080635e-52,9.942524342186032e-49,1.2797024489072444e-45,1.2897384015942818e-42,1.0179026869097364e-39,6.29154305506449e-37,3.0457301399619277e-34,1.1549123542650633e-31,3.4306244497377505e-29,7.983814109504248e-27,1.4558304906672451e-24,2.0803102562979493e-22,2.3298065304452272e-20,2.045255000945472e-18,1.4075901046725045e-16,7.595828739826864e-15,3.2145268292356484e-13,1.067033224486635e-11,2.7786690903906804e-10,5.677734697258615e-9,9.104912277014185e-8,1.1461002962309536e-6,1.1326589201766493e-5,8.789967929476717e-5,5.357548511505908e-4,0.0025651356181461333,0.009649144185712336,0.028520883050542224,0.0662499362871727,0.12094801503404454,0.17355374615517133,0.19575383086708698,0.17355374615517127,0.12094801503404462,0.06624993628717268,0.028520883050542234,0.009649144185712277,0.002565135618146197,5.357548511505383e-4,8.789967929478948e-5,1.1326589201776649e-5,1.1461002962231959e-6,9.104912279678246e-8,5.67773461579435e-9,2.7786695167009157e-10,1.067035348967238e-11,3.214095656289828e-13,7.66053886991358e-15,1.1102230246251565e-16,0,0,0,0,0,0,0,0,0,0,0,0,0,0,0,0,0,0,0,0,0,0,0,0,0,0,0
4.784069817160027e-156,1.8578592639247478e-150,5.6888420584612575e-145,1.3735217373816955e-139,2.6148925032582803e-134,3.9254114526615395e-129,4.646611398590921e-124,4.337250804397219e-119,3.1924739973467405e-114,1.8530321947151535e-109,8.481837688834321e-105,3.061664086096849e-100,8.715564349629043e-96,1.956655373293368e-91,3.4643773820705507e-87,4.837712232770241e-83,5.3280911697636573e-79,4.628430635324002e-75,3.171327412285057e-71,1.713994461120548e-67,7.307279842786624e-64,2.4575271549966988e-60,6.520138730063085e-57,1.3647479670562808e-53,2.2537618133962117e-50,2.9366225927589347e-47,3.019252038467196e-44,2.44957283262968e-41,1.5683825291480362e-38,7.925334436720312e-36,3.1609895627065085e-33,9.95192380190589e-31,2.4734954214756602e-28,4.853778013921747e-26,7.520752335482023e-24,9.20251223001604e-22,8.893440563675782e-20,6.7890570986240596e-18,4.094366461411354e-16,1.9510400160991993e-14,7.347093405880006e-13,2.1867813003258635e-11,5.145272818943326e-10,9.571927909289597e-9,1.408167214415451e-7,1.6385096799246164e-6,1.5082013301565418e-5,1.0983961423005311e-4,6.330222877709592e-4,0.0028873944516545668,0.010425134778271145,0.029798901961217393,0.06743858779202103,0.12084920986320985,0.17148803148230182,0.19270601264108528,0.17148803148230174,0.1208492098632099,0.06743858779202094,0.029798901961217483,0.010425134778271117,0.0028873944516545347,6.330222877709568e-4,1.0983961423005617e-4,1.5082013301581654e-5,1.638509679935396e-6,1.4081672139454326e-7,9.571927916951495e-9,5.145273096474057e-10,2.1867840871436783e-11,7.347455976969286e-13,1.942890293094024e-14,4.440892098500626e-16,0,0,0,0,0,0,0,0,0,0,0,0,0,0,0,0,0,0,0,0,0,0,0,0,0,0
8.57577217055534e-157,2.8139529438865856e-151,7.3342856162546205e-146,1.5184501920394309e-140,2.4971851054199643e-135,3.262228735617518e-130,3.38530620089204e-125,2.7906678213366214e-120,1.8274779512104158e-115,9.506870395343944e-111,3.928913930314134e-106,1.2899283015496147e-101,3.36454156836862e-97,6.972094278350992e-93,1.1478576563727364e-88,1.5014516819390759e-84,1.560432907230488e-80,1.2885520171089878e-76,8.454647868778911e-73,4.4079877740921097e-69,1.8262160594868748e-65,6.012396750455596e-62,1.5730583237387346e-58,3.270868687516005e-55,5.405343704469345e-52,7.099828351213969e-49,7.412433800745469e-46,6.151601598526643e-43,4.058428463987244e-40,2.1286288972019956e-37,8.876600639163636e-35,2.9432881992974105e-32,7.760604202145802e-30,1.6273270881266886e-27,2.7140227337360574e-25,3.600452207924686e-23,3.799742506188755e-21,3.19048308375035e-19,2.1316627939929054e-17,1.1334383391859757e-15,4.796837307476501e-14,1.6160423274878032e-12,4.3346733458555746e-11,9.258338508214355e-10,1.5748938295232587e-8,2.133930665074037e-7,2.303506133837104e-6,1.9812846516293382e-5,1.3580613211065784e-4,7.419430999550124e-4,0.00323117363192859,0.011218716217699704,0.03105758849166583,0.06856071491010673,0.12069775510901401,0.1694585984433807,0.18975071499727614,0.16945859844338074,0.12069775510901404,0.06856071491010662,0.031057588491665844,0.011218716217699765,0.0032311736319285966,7.419430999550114e-4,1.3580613211061632e-4,1.9812846516309435e-5,2.30350613383834e-6,2.13393066550438e-7,1.5748938264614765e-8,9.258338540263367e-10,4.3346770617347374e-11,1.6160406346443779e-12,4.796163466380676e-14,1.1102230246251565e-15,0,0,0,0,0,0,0,0,0,0,0,0,0,0,0,0,0,0,0,0,0,0,0,0,0
1.6144122018882983e-157,4.494777659873617e-152,1.0010467566465762e-146,1.7834327762575523e-141,2.5416792979875445e-136,2.897691076555386e-131,2.6427541388043707e-126,1.9281515153195991e-121,1.1254132390826577e-116,5.25504571591975e-112,1.9630989079112724e-107,5.867014015518294e-103,1.4028456672384446e-98,2.6836730267001146e-94,4.1075792041499955e-90,5.030246564682755e-86,4.928906898687971e-82,3.8643971549592633e-78,2.4243497919143075e-74,1.2170394773047714e-70,4.8890482594572366e-67,1.5717001698295933e-63,4.043499069765901e-60,8.325398319065672e-57,1.371929427132551e-53,1.809497757541487e-50,1.9103186289285533e-47,1.614353477678623e-44,1.0920985570186969e-41,5.914561958904114e-39,2.5645433844986776e-36,8.9033919961663e-34,2.4750980881116815e-31,5.510064088434832e-29,9.823957865731983e-27,1.4028872480844237e-24,1.6047556759751113e-22,1.470588089064341e-20,1.0797367783154826e-18,6.352444137134378e-17,2.995117361661308e-15,1.1318612034491796e-13,3.428761828875955e-12,8.327346203306216e-11,1.6216715387316994e-9,2.5326136758231666e-8,3.1724003969443084e-7,3.1877406987753757e-6,2.569897715095472e-5,1.6624423178276195e-4,8.630430904497692e-4,0.003596060932504465,0.012027603553743877,0.03229474667374311,0.06961808847505435,0.1204978199193812,0.1674652469560199,0.18688383034960876,0.16746524695601994,0.12049781991938113,0.06961808847505435,0.0322947466737431,0.012027603553743882,0.00359606093250453,8.630430904497111e-4,1.6624423178279724e-4,2.5698977150989677e-5,3.1877406987401713e-6,3.172400396822539e-7,2.5326136743331062e-8,1.6216715748029742e-9,8.327338818503449e-11,3.4288127892523335e-12,1.1313172620930345e-13,2.9976021664879227e-15,1.1102230246251565e-16,0,0,0,0,0,0,0,0,0,0,0,0,0,0,0,0,0,0,0,0,0,0,0
3.1851573185870965e-158,7.55497759642423e-153,1.4431284508758794e-147,2.219983152283378e-142,2.7502511423256884e-137,2.743963931416258e-132,2.2048218152901086e-127,1.4268018305880446e-122,7.4362714367313e-118,3.12143971316929e-113,1.0552854180838164e-108,2.873477151208705e-104,6.301971081905409e-100,1.1132287969039671e-95,1.5839478806921117e-91,1.8153292838870037e-87,1.675862106866562e-83,1.2462364171414036e-79,7.465408264088812e-76,3.602550907086107e-72,1.400501088159144e-68,4.386193422281264e-65,1.1067215080316945e-61,2.2498391641389323e-58,3.685060401389896e-55,4.863360600062073e-52,5.17186404543274e-49,4.4319818285217705e-46,3.0606389255339837e-43,1.7033901428700422e-40,7.640652790898479e-38,2.7624177175154056e-35,8.050465492777757e-33,1.8912879367185097e-30,3.5820673007544854e-28,5.469982053005398e-26,6.735239945075811e-24,6.687696165421858e-22,5.3554987997715e-20,3.4591486957644596e-18,1.8023233794942907e-16,7.576015077459957e-15,2.569484722307249e-13,7.03238444565753e-12,1.5533391272934063e-10,2.769452707054459e-9,3.9860539611184264e-8,4.632032932904949e-7,4.346468861366556e-6,3.293775898009515e-5,2.0160357784977423e-4,9.96782993739205e-4,0.003981522531071786,0.012849539373243615,0.03350844661425574,0.0706125759378079,0.12025329675116443,0.16550769791488373,0.18410148816445154,0.16550769791488373,0.12025329675116436,0.0706125759378079,0.03350844661425578,0.012849539373243624,0.003981522531071757,9.96782993739176e-4,2.016035778498182e-4,3.293775898005613e-5,4.346468861382569e-6,4.6320329327720344e-7,3.9860539646774384e-8,2.7694526671950825e-9,1.5533396791056475e-10,7.0323746825806666e-12,2.569056078982612e-13,7.549516567451064e-15,2.220446049250313e-16,0,0,0,0,0,0,0,0,0,0,0,0,0,0,0,0,0,0,0,0,0,0
6.573263471851175e-159,1.3334884591506635e-153,2.192575175905943e-148,2.921995807397929e-143,3.156235360233803e-138,2.763305894561845e-133,1.9609372980755608e-128,1.127922556772522e-123,5.258739742678067e-119,1.987363128002171e-114,6.087971823375364e-110,1.5117326485564653e-105,3.04292905631785e-101,4.965135651067095e-97,6.567519008665887e-93,7.042250849892294e-89,6.121687407138178e-85,4.314102930245871e-81,2.4647927184397006e-77,1.1417010836001851e-73,4.2876454875110307e-70,1.305548271173458e-66,3.223210433636122e-63,6.452396719128971e-60,1.047384598027944e-56,1.3786727039999984e-53,1.4716494883503603e-50,1.2739588939956866e-47,8.944071090688251e-45,5.092913335959026e-42,2.3521905792083146e-39,8.812101597988913e-37,2.6780246442105286e-34,6.60247631001402e-32,1.3206488525966693e-29,2.1433301282492687e-27,2.822584719184523e-25,3.0164642416892965e-23,2.6162655160737016e-21,1.8417858944548223e-19,1.0524790505401222e-17,4.882587670974886e-16,1.8390606616827033e-14,5.624712232137249e-13,1.3970537427311859e-11,2.81829177762035e-10,4.618183061861783e-9,6.147823782144758e-8,6.649506346901301e-7,5.844228049146204e-6,4.1743172696477524e-5,2.4233336585054442e-4,0.0011435542331240476,0.004386914378395514,0.013682310891035096,0.03469701022073455,0.07154611666323206,0.11996781691970027,0.1635856054363724,0.1814000382947465,0.16358560543637246,0.11996781691970027,0.07154611666323196,0.03469701022073457,0.01368231089103511,0.004386914378395557,0.0011435542331240667,2.4233336585044452e-4,4.174317269656225e-5,5.84422804905671e-6,6.649506347766732e-7,6.147823783386741e-8,4.618183058191505e-9,2.818291156003738e-10,1.397060245267312e-11,5.624389842751043e-13,1.84297022087776e-14,4.440892098500626e-16,0,0,0,0,0,0,0,0,0,0,0,0,0,0,0,0,0,0,0,0,0
1.416343923699311e-159,2.4667317840915065e-154,3.5034632658473933e-149,4.057868408551882e-144,3.832901716387645e-139,2.9525112546936345e-134,1.8547896999393426e-129,9.502598524233674e-125,3.970455485172584e-120,1.3529897156765063e-115,3.7602020572248254e-111,8.523089837845867e-107,1.5756480261911248e-102,2.3757738446121933e-98,2.921747364697877e-94,2.930760435851504e-90,2.3978776066257672e-86,1.600266203472411e-82,8.711362424432811e-79,3.8682924766988136e-75,1.4012103429386887e-71,4.140476855524219e-68,9.980984269946986e-65,1.9628459291024294e-61,3.1492247357623367e-58,4.12231769980879e-55,4.402673164771128e-52,3.836600399622791e-49,2.728041550227766e-46,1.5828877858924004e-43,7.494899523056135e-41,2.8961515900427796e-38,9.133585971591106e-36,2.350998073047725e-33,4.939490776774819e-31,8.471509507223161e-29,1.1860956028141959e-26,1.3557894158188429e-24,1.2653587354367374e-22,9.643197809004484e-21,6.001411363683635e-19,3.0503617915849504e-17,1.266360540135652e-15,4.294528119892101e-14,1.1897918967909756e-12,2.6932125801289475e-11,4.981519602534723e-10,7.529961022177992e-9,9.302754915444219e-8,9.394343707089492e-7,7.75540776535638e-6,5.234463660994675e-5,2.888772119766442e-4,0.0013036759417647307,0.004811494084944515,0.014523764477116159,0.035858996161287,0.07242070039488839,0.11964476577562497,0.16169856754807813,0.17877603568349026,0.1616985675480782,0.11964476577562488,0.07242070039488846,0.03585899616128696,0.01452376447711623,0.004811494084944523,0.001303675941764726,2.888772119765681e-4,5.234463660996891e-5,7.755407765319688e-6,9.394343707391783e-7,9.302754921947098e-8,7.529960988073015e-9,4.981519641233945e-10,2.6932123198264435e-11,1.1897149931883177e-12,4.296563105299356e-14,1.3322676295501878e-15,0,0,0,0,0,0,0,0,0,0,0,0,0,0,0,0,0,0,0,0
3.180827913043023e-160,4.773330427982557e-155,5.875916821511689e-150,5.933409943334734e-145,4.914869497914489e-140,3.3396666199882625e-135,1.8615835811825136e-130,8.512464794582494e-126,3.1932051586593154e-121,9.826585850386828e-117,2.480782938091041e-112,5.137968582868036e-108,8.730061989776736e-104,1.2169519795651652e-99,1.3917692106417322e-95,1.3058898844115012e-91,1.0053095232379428e-87,6.349737998360939e-84,3.2906674602663393e-80,1.399246941524122e-76,4.881997363977698e-73,1.397670567193057e-69,3.2834335115434707e-66,6.329662554943418e-63,1.0013258757476409e-59,1.299952197720628e-56,1.3850066104951299e-53,1.211058989470763e-50,8.691310770338838e-48,5.1195344968257764e-45,2.475259722198094e-42,9.82375118144624e-40,3.2005360843451846e-37,8.560139180081484e-35,1.8796502688717414e-32,3.3887406950407246e-30,5.016412044724215e-28,6.097780371902445e-26,6.087035686920777e-24,4.99032522125813e-22,3.360283099239448e-20,1.858590012103577e-18,8.444817952469858e-17,3.152358864198476e-15,9.668535844306299e-14,2.4367314146214984e-12,5.0468411872649854e-11,8.590935550370726e-10,1.2020272910030009e-8,1.3825646989146033e-7,1.3073675984765705e-6,1.0164689601200106e-5,6.49854923697839e-5,3.416681794107788e-4,0.0014773931985499096,0.005254433044989539,0.015371817763537816,0.036993184411724084,0.0732383485854815,0.11928729740684674,0.1598461355166238,0.17622622630884988,0.15984613551662374,0.11928729740684685,0.0732383485854815,0.036993184411724056,0.015371817763537798,0.005254433044989515,0.0014773931985498923,3.416681794108367e-4,6.498549236977347e-5,1.016468960124417e-5,1.3073675984021094e-6,1.3825646993925744e-7,1.202027288815799e-8,8.590935740571126e-10,5.0468407231107903e-11,2.4367174944472936e-12,9.670042544485113e-14,3.1086244689504383e-15,1.1102230246251565e-16,0,0,0,0,0,0,0,0,0,0,0,0,0,0,0,0,0,0
7.433293200109522e-161,9.645400128847763e-156,1.0324616486642414e-150,9.116821896087951e-146,6.640992649734467e-141,3.9906794941133304e-136,1.978288276695546e-131,8.090325192224824e-127,2.729487450023521e-122,7.596967477739944e-118,1.7444120752501394e-113,3.3045587093313585e-109,5.1646355482075445e-105,6.65938789628535e-101,7.084420827786734e-97,6.218092583129546e-93,4.5029863736691754e-89,2.690561870872197e-85,1.3264565218867025e-81,5.39585234897641e-78,1.81114817725058e-74,5.016320699421914e-71,1.1464764496126568e-67,2.1622472992114316e-64,3.36525952183866e-61,4.322331990201591e-58,4.5816116808927585e-55,4.0080595785503935e-52,2.893889154376169e-49,1.724561008430453e-46,8.482861389815489e-44,3.444233942592629e-41,1.1543829355757778e-38,3.194007346716331e-36,7.295814083719921e-34,1.375903188139222e-31,2.1424174774878767e-29,2.7545439691586137e-27,2.9245121750675434e-25,2.5641621756741674e-23,1.856767660037673e-21,1.110510816234471e-19,5.486251641840553e-18,2.238990438934037e-16,7.54900060416461e-15,2.1029338716762146e-13,4.840607588137567e-12,9.207720974847773e-11,1.4475142078141904e-9,1.8808429855265214e-8,2.0201413870043888e-7,1.793702983021644e-6,1.3167338111314777e-5,7.992120056542498e-5,4.0112404053208674e-4,0.0016648764046552041,0.0057148285554503055,0.016224469499608395,0.03809856068082114,0.0740010983060704,0.11889834879278258,0.15802782198298232,0.1737475342564383,0.15802782198298226,0.1188983487927826,0.07400109830607049,0.03809856068082107,0.01622446949960843,0.0057148285554502465,0.001664876404655291,4.0112404053205264e-4,7.992120056543595e-5,1.3167338111297333e-5,1.79370298303283e-6,2.0201413863940587e-7,1.880842992463272e-8,1.4475142195990998e-9,9.20771237034046e-11,4.840683409668145e-12,2.1027624086400465e-13,7.549516567451064e-15,2.220446049250313e-16,0,0,0,0,0,0,0,0,0,0,0,0,0,0,0,0,0
1.8047412729263887e-161,2.0318412309673133e-156,1.8972245583449535e-151,1.469272644754977e-146,9.43723247734286e-142,5.027471693224568e-137,2.2213738540215743e-132,8.140765821331329e-128,2.474487308795744e-123,6.238592112316938e-119,1.3045917941412763e-114,2.262845829807759e-110,3.2556180716065485e-106,3.885226212132233e-102,3.846007320853584e-98,3.1580701569517967e-94,2.151090302320946e-90,1.215425848005901e-86,5.6969113322975314e-83,2.2151355774576194e-79,7.145296206603556e-76,1.9120929467910858e-72,4.244992777266638e-69,7.818709756796268e-66,1.1947995924749927e-62,1.5148486759064454e-59,1.5935686757914716e-56,1.3909566915628945e-53,1.0074245385815005e-50,6.054569182014283e-48,3.019551501860238e-45,1.2497058223238921e-42,4.292378845433391e-40,1.2235819346411554e-37,2.8949018374126094e-35,5.684897317285487e-33,9.266652365504572e-31,1.2538896695231717e-28,1.4085038254001032e-26,1.3135492265840946e-24,1.0170749830678521e-22,6.53894785801586e-21,3.4909394779200155e-19,1.5477071535189855e-17,5.698767172493529e-16,1.7428233310480292e-14,4.427328348599372e-13,9.342914127863285e-12,1.6379933799644117e-10,2.3859883660093403e-9,2.887940235861594e-8,2.9047506965491645e-7,2.428101549403842e-6,1.686932799056448e-5,9.741728821424797e-5,4.676428595140633e-4,0.0018662217077894273,0.006191715724287402,0.017079807339556212,0.03917430094948762,0.07471098846504526,0.11848065336145902,0.15624310805304376,0.17133704981599934,0.15624310805304364,0.11848065336145908,0.0747109884650452,0.039174300949487706,0.017079807339556163,0.00619171572428745,0.001866221707789384,4.6764285951406137e-4,9.74172882142188e-5,1.6869327990609584e-5,2.4281015493787805e-6,2.904750696641756e-7,2.8879402425019407e-8,2.3859882958277012e-9,1.637993074510291e-10,9.342970841430542e-12,4.4275694222051243e-13,1.7430501486614958e-14,5.551115123125783e-16,0,0,0,0,0,0,0,0,0,0,0,0,0,0,0,0
4.545680602809189e-162,4.4549055499411425e-157,3.6397782556966276e-152,2.479179968016298e-147,1.4078021080572295e-142,6.664683129913931e-138,2.6304244943962422e-133,8.655355717480466e-129,2.3744404154110242e-124,5.4307481525154814e-120,1.0355834245665522e-115,1.6464283274051372e-111,2.1824205067516166e-107,2.4120025150479105e-103,2.2226289713813744e-99,1.7077039887661814e-95,1.0940105277423722e-91,5.8438756239868e-88,2.602907076335989e-84,9.667245005826104e-81,2.993930704994134e-77,7.731874911419406e-74,1.66510484501194e-70,2.9903515283902155e-67,4.478551890881488e-64,5.5936995958684046e-61,5.826650552652973e-58,5.06185824333784e-55,3.66763235820342e-52,2.2164649866094943e-49,1.117250419809271e-46,4.697545141519952e-44,1.6475528019569886e-41,4.820297214197574e-39,1.1765044426665369e-36,2.3956251343613527e-34,4.0697810836327256e-32,5.7686293553898885e-30,6.8225587249766465e-28,6.733173820951762e-26,5.545188115202904e-24,3.811218477517066e-22,2.1862048437645522e-20,1.0467109275523262e-18,4.183136848276099e-17,1.395559253173385e-15,3.8868496611655996e-14,9.038233696435009e-13,1.7548477805767323e-11,2.845112904316757e-10,3.852104309806396e-9,4.355813914980606e-8,4.1138391117393077e-7,3.2453784931672e-6,2.1387297896108894e-5,1.177470952631833e-4,5.415989641086212e-4,0.0020814523679600957,0.006684078999482821,0.01793601375455285,0.04021975631151255,0.07537004808702394,0.11803675391886162,0.15449144947260346,0.1689920185101661,0.15449144947260351,0.11803675391886159,0.07537004808702386,0.040219756311512644,0.017936013754552782,0.0066840789994828675,0.0020814523679600905,5.415989641086583e-4,1.177470952631321e-4,2.1387297896136026e-5,3.2453784931663066e-6,4.113839111585804e-7,4.3558139095623005e-8,3.852104413226698e-9,2.845111923832633e-10,1.7548518194132612e-11,9.038325643473399e-13,3.885780586188048e-14,1.4432899320127035e-15,0,0,0,0,0,0,0,0,0,0,0,0,0,0,0
1.186105688858526e-162,1.0151014686638989e-157,7.278528201243749e-153,4.372450103122365e-148,2.200679923658473e-143,9.27990099748434e-139,3.2785977982650435e-134,9.704996185529287e-130,2.4069624364798384e-125,5.001663629086315e-121,8.70834472445586e-117,1.270391819182142e-112,1.5528372893989668e-108,1.5903983680219883e-104,1.364845249709171e-100,9.814418061496655e-97,5.913652590379757e-93,2.9858225481855146e-89,1.2632703701059497e-85,4.478786487232352e-82,1.3306510268809778e-78,3.312960378826369e-75,6.912347145790643e-72,1.2086528008690055e-68,1.7711459496454909e-65,2.1751766292158876e-62,2.2388930084462296e-59,1.931446499103761e-56,1.3965456777752258e-53,8.463773757294396e-51,4.29955464291648e-48,1.830831269471298e-45,6.535131544330009e-43,1.9555014288096337e-40,4.905432244697635e-38,1.0316449824923013e-35,1.8190163224369626e-33,2.6891607594078293e-31,3.3334375278113526e-29,3.464861301491875e-27,3.0200978787100255e-25,2.207610834049429e-23,1.3533685937056677e-21,6.958706271216212e-20,3.0011484109895057e-18,1.0857294644164536e-16,3.29503789253018e-15,8.38946022552589e-14,1.7921453182154231e-12,3.212249391996788e-11,4.831407153089027e-10,6.098148210733435e-9,6.459720737452793e-8,5.743174938195662e-7,4.2859129997001356e-6,2.6848326365665526e-5,1.411893703233466e-4,6.233393594278065e-4,0.0023105209505435084,0.007190863183715715,0.018791370262534142,0.04123443826199419,0.07598028642143902,0.1175690149347951,0.15277228199976017,0.1667098309722191,0.15277228199976023,0.1175690149347951,0.07598028642143906,0.04123443826199413,0.01879137026253419,0.007190863183715646,0.0023105209505435154,6.233393594278214e-4,1.411893703233691e-4,2.6848326365680464e-5,4.28591299972414e-6,5.743174937844486e-7,6.45972073609613e-8,6.0981482086219785e-9,4.831407496297402e-10,3.212241583838704e-11,1.7922330286523902e-12,8.382183835919932e-14,3.3306690738754696e-15,1.1102230246251565e-16,0,0,0,0,0,0,0,0,0,0,0,0,0
3.2019099264378576e-163,2.4003695208313453e-158,1.5148156432971277e-153,8.047342659888521e-149,3.5988158023918395e-144,1.3548296443611774e-139,4.293697197023459e-135,1.145522621167955e-130,2.5727970617462638e-126,4.864534300972048e-122,7.743108999947528e-118,1.03760618645313e-113,1.1705710051786395e-109,1.111773230615412e-105,8.889828551244042e-102,5.984598934239595e-98,3.391933181089108e-94,1.6185886964161203e-90,6.502935527755907e-87,2.199749594202968e-83,6.265206818778053e-80,1.5024633159866837e-76,3.0338004837288403e-73,5.158146509302114e-70,7.384705676718405e-67,8.90257083925102e-64,9.0375527105267e-61,7.725923872841999e-58,5.561933895428172e-55,3.37201374197669e-52,1.7216860125876396e-49,7.403436933662808e-47,2.68127955548321e-44,8.178908703864036e-42,2.1014025693978675e-39,4.5477934627252796e-37,8.29063137608186e-35,1.27317647655763e-32,1.647112977988055e-30,1.795198807423985e-28,1.6484570482925388e-26,1.2753845011062186e-24,8.314315076204223e-23,4.567283947536276e-21,2.114272532400886e-19,8.248242300622634e-18,2.711978109120577e-16,7.515585285011582e-15,1.7555751279670423e-13,3.45688248789057e-12,5.738354006470593e-11,8.030760906947096e-10,9.4759292176825e-9,9.427826559260712e-8,7.909599938602302e-7,5.596009553286106e-6,3.33895303528806e-5,1.6802576703120993e-4,7.131806209382226e-4,0.00255331222884656,0.007710983831105486,0.019644260165964652,0.04221800454403221,0.07654368467008385,0.11707963418119946,0.1510850260735953,0.16448801359801668,0.1510850260735953,0.11707963418119949,0.07654368467008377,0.04221800454403224,0.019644260165964655,0.007710983831105467,0.0025533122288465826,7.131806209382807e-4,1.6802576703112138e-4,3.3389530352923025e-5,5.596009553299197e-6,7.909599938349388e-7,9.427826563879194e-8,9.475929152458207e-9,8.030761611266257e-10,5.7383542362288154e-11,3.45690143177535e-12,1.7552626019323725e-13,7.438494264988549e-15,3.3306690738754696e-16,0,0,0,0,0,0,0,0,0,0,0,0
8.931110725512441e-164,5.882343834299313e-159,3.276353057915523e-154,1.5432057794731122e-149,6.14685633037292e-145,2.0705309438440104e-140,5.898116588176666e-136,1.4208611358204624e-131,2.8946791885938947e-127,4.9872807482371696e-123,7.266847068354152e-119,8.954709729351032e-115,9.332220205131965e-111,8.225292267744467e-107,6.131345197371431e-103,3.865482446846388e-99,2.0611085970587533e-95,9.295083580062574e-92,3.5454169880969214e-88,1.1437987611900004e-84,3.121096815585959e-81,7.203566967218839e-78,1.406301751418546e-74,2.3222461466861403e-71,3.243736003553793e-68,3.832652554732632e-65,3.830714503971084e-62,3.238893951913766e-59,2.3166533897208786e-56,1.4017938728672132e-53,7.175927024155781e-51,3.107815839164661e-48,1.1387523116573973e-45,3.5303197177782894e-43,9.260284970951704e-41,2.0553025065822093e-38,3.859975686211612e-36,6.134341425931747e-34,8.249808130745122e-32,9.389254127367016e-30,9.04376659985646e-28,7.372573665615718e-26,5.087000520406202e-24,2.9709786040204655e-22,1.468775254189605e-20,6.146855714178684e-19,2.1777951564547694e-17,6.532396157252673e-16,1.6589954602704818e-14,3.567477754107542e-13,6.496019311047235e-12,1.0016825319609009e-10,1.3080867426188647e-9,1.446749879693524e-8,1.3552748909540047e-7,1.0753862094943095e-6,7.2281991754943765e-6,4.1157491722410835e-5,1.9853829186780675e-4,8.114062891746076e-4,0.0028096466784906004,0.008243336950494739,0.02049316998077474,0.04317024563419618,0.07706218914184644,0.11657065372792258,0.14942909086570183,0.16232421990462026,0.14942909086570189,0.11657065372792252,0.07706218914184648,0.043170245634196136,0.020493169980774772,0.008243336950494728,0.002809646678490596,8.114062891746432e-4,1.9853829186777805e-4,4.115749172239891e-5,7.228199175535188e-6,1.0753862095258526e-6,1.3552748912015744e-7,1.4467498754555663e-8,1.308086750029247e-9,1.0016820706226781e-10,6.4960259393842534e-12,3.567146578120628e-13,1.6653345369377348e-14,6.661338147750939e-16,0,0,0,0,0,0,0,0,0,0,0
2.5709212715750225e-164,1.4919731173622104e-159,7.354168490373765e-155,3.078953225082171e-150,1.0948953536552637e-145,3.3070849245245644e-141,8.48446865755064e-137,1.8489025812474483e-132,3.4222927634307535e-128,5.380688970936857e-124,7.185884793853263e-120,8.151705325331271e-116,7.855014463762914e-112,6.4295481866164516e-108,4.470475900399708e-104,2.640414015873253e-100,1.3247705452830374e-96,5.646317957963928e-93,2.0443346715648957e-89,6.287918847423354e-86,1.6429968638569798e-82,3.6471058171346973e-79,6.877793554460898e-76,1.1019116069780987e-72,1.4998552573128463e-69,1.7344647029038572e-66,1.7041354853052098e-63,1.422573802243754e-60,1.0089915526215787e-57,6.080689521520746e-55,3.113736092469825e-52,1.3548341341215844e-49,5.009312355008669e-47,1.5738766217155529e-44,4.202206998024176e-42,9.534823716030187e-40,1.838617353934303e-37,3.013208758306164e-35,4.19703633563032e-33,4.9687723328099274e-31,4.999957484591176e-29,4.276742679765934e-27,3.109632314014223e-25,1.92209274398693e-23,1.010020102780085e-21,4.51229809126374e-20,1.7139573221339696e-18,5.535535840650057e-17,1.5201985263638305e-15,3.550143696305958e-14,7.050516450610822e-13,1.1908305441085082e-11,1.7106369740606576e-10,2.0901113892209325e-9,2.172247953585637e-8,1.9204462281191144e-7,1.4443472644989075e-6,9.241470402783297e-6,5.030752144465001e-5,2.3300675220235578e-4,9.182647752306355e-4,0.0030792844491316653,0.008786807964514351,0.02133668973017088,0.04409107192210041,0.07753770566099619,0.11604397030787231,0.14780387779039328,0.1602162225346963,0.14780387779039328,0.11604397030787228,0.07753770566099616,0.04409107192210038,0.021336689730170888,0.008786807964514365,0.0030792844491316362,9.182647752307149e-4,2.330067522022805e-4,5.0307521444636905e-5,9.241470402820973e-6,1.4443472644565247e-6,1.9204462287092383e-7,2.1722479481844914e-8,2.090111417274443e-9,1.7106371874575643e-10,1.1908252162129429e-11,7.051026429394369e-13,3.552713678800501e-14,1.4432899320127035e-15,1.1102230246251565e-16,0,0,0,0,0,0,0,0,0
7.628877038942454e-165,3.911753575643993e-160,1.7108584167323417e-155,6.382398876544342e-151,2.0308789175618274e-146,5.512103891634912e-142,1.276107401362863e-137,2.5199787050916876e-133,4.2447275327023046e-129,6.098874915498304e-125,7.474814560245343e-121,7.81458496763294e-117,6.968999159359631e-113,5.301494453926513e-109,3.4402835231758477e-105,1.904421307066564e-101,8.993107584807695e-98,3.6227623865420385e-94,1.2449698323710136e-90,3.649829865198306e-87,9.12824793044283e-84,1.9476448484673023e-80,3.545246955808044e-77,5.5056020436259056e-74,7.294446157296674e-71,8.245499942573214e-68,7.952198711844582e-65,6.543526276643237e-62,4.594097093442075e-59,2.7520857322473232e-56,1.406719485439881e-53,6.135466882135786e-51,2.2834613394815007e-48,7.251996459406489e-46,1.9654043486741052e-43,4.5455852089576444e-41,8.9719127910304e-39,1.511304846980641e-36,2.172731237130524e-34,2.666015268475042e-32,2.792147939196183e-30,2.4960343402793654e-28,1.9046574669794325e-26,1.2406690512771586e-24,6.899012939474465e-23,3.275139238745919e-21,1.327409253540974e-19,4.593388885750406e-18,1.357176871948788e-16,3.4240221222230715e-15,7.376595179333246e-14,1.3571170637793664e-12,2.1322765739350223e-11,2.861261810783337e-10,3.279309685364408e-9,3.210264289919728e-8,2.684448584480685e-7,1.917552552928759e-6,1.1701421520490278e-5,6.1002775067048245e-5,2.717062500217352e-4,0.0010339677741491513,0.003361929704589924,0.009340279895100414,0.022173512265722232,0.04498050161855418,0.07797209507251279,0.11550134506863877,0.1462087835400569,0.15816190585163797,0.14620878354005695,0.11550134506863874,0.07797209507251279,0.04498050161855416,0.022173512265722284,0.009340279895100445,0.0033619297045899277,0.0010339677741491027,2.7170625002170823e-4,6.100277506704277e-5,1.1701421520515787e-5,1.9175525529657733e-6,2.6844485845334276e-7,3.210264287734077e-8,3.2793097126671e-9,2.8612612279488303e-10,2.1322832388648294e-11,1.3570256029993288e-12,7.382983113757291e-14,3.4416913763379853e-15,1.1102230246251565e-16,0,0,0,0,0,0,0,0
2.331021997757541e-165,1.0589339789654167e-160,4.119880072050961e-156,1.3727388785679288e-151,3.9172542332241895e-147,9.573460838133782e-143,2.003791819187971e-138,3.5919959847578057e-134,5.514701629374507e-130,7.251278882860554e-126,8.166147943834831e-122,7.876508234463725e-118,6.506808949564202e-114,4.6038841630974823e-110,2.790018615145984e-106,1.448174101640015e-102,6.438285327730655e-99,2.4516612897803254e-95,7.996442443716685e-92,2.2340084288904266e-88,5.346016223348657e-85,1.0958202715558524e-81,1.924059103521794e-78,2.893838301500263e-75,3.728326869600179e-72,4.1147648858884255e-69,3.890229543376456e-66,3.150741847468139e-63,2.1860820379756415e-60,1.299407052482036e-57,6.616962264745086e-55,2.8868006524801855e-52,1.0790216332455217e-49,3.4554910236074414e-47,9.48128548014173e-45,2.2290234978849406e-42,4.4901902664834586e-40,7.750519405000639e-38,1.1463750673985458e-35,1.4530047093735198e-33,1.5782173119940888e-31,1.4690677473561764e-29,1.1719483106818361e-27,8.012788737927305e-26,4.695535472637837e-24,2.3584731836137266e-22,1.0154063895757251e-20,3.7474103668225596e-19,1.185563438575164e-17,3.215442373696792e-16,7.476522369931331e-15,1.4904671423182255e-13,2.5475936092551447e-12,3.7337403380260185e-11,4.692297675020037e-10,5.056798609881602e-9,4.6734260935595864e-8,3.704122399088275e-7,2.517941441095349e-6,1.4680327529570355e-5,7.341323622130522e-5,3.149047625372434e-4,0.0011586891730564592,0.003657235229784792,0.0099026407643196,0.02300243176574469,0.04583864940966878,0.07836716970394562,0.11494441273145681,0.14464320270392783,0.15615925907559025,0.14464320270392783,0.11494441273145684,0.07836716970394564,0.04583864940966875,0.02300243176574468,0.00990264076431957,0.003657235229784783,0.001158689173056504,3.149047625372603e-4,7.341323622123141e-5,1.4680327529603687e-5,2.5179414411269363e-6,3.704122398806575e-7,4.673426090562316e-8,5.056798646485561e-9,4.692297661534894e-10,3.733735542965633e-11,2.5476287746073467e-12,1.4910295220715852e-13,7.438494264988549e-15,3.3306690738754696e-16,0,0,0,0,0,0,0
7.326454080499258e-166,2.9564063180226633e-161,1.0257055459844005e-156,3.059587559718866e-152,7.846705258717119e-148,1.7302101217007298e-143,3.280199946307898e-139,5.346810332257747e-135,7.493511859747438e-131,9.029744999680347e-127,9.35553217006428e-123,8.334279186718944e-119,6.383779982492721e-115,4.204380854460552e-111,2.3809188988050778e-107,1.159337552303847e-103,4.854030424504279e-100,1.7475400294981632e-96,5.409894625139927e-93,1.4401003066606884e-89,3.296434317264902e-86,6.48857918398247e-83,1.098283158188676e-79,1.598618752577584e-76,2.0010041591728472e-73,2.1539249253090045e-70,1.993884209281714e-67,1.587317442321092e-64,1.0867513457027608e-61,6.398933345474835e-59,3.2404465389304038e-56,1.4113389132390736e-53,5.2868465877904475e-51,1.703378896188277e-48,4.7204748391166834e-46,1.125203807426926e-43,2.3070632776480124e-41,4.06895496721302e-39,6.1732536486650355e-37,8.056873986520256e-35,9.045949100267499e-33,8.737582691318393e-31,7.260943933788599e-29,5.191287574994624e-27,3.193401004681269e-25,1.6902263840304863e-23,7.697798624114698e-22,3.0167280156610796e-20,1.017353440284224e-18,2.952515691968866e-17,7.374221105039185e-16,1.5851228096894033e-14,2.9325941823178066e-13,4.6698501878768014e-12,6.400819211871446e-11,7.552130567152768e-10,7.670510864556928e-9,6.70686047812591e-8,5.048628161143562e-7,3.2719381610768867e-6,1.825711744332689e-5,8.771458739925926e-5,3.628608458958188e-4,0.0012925644323216088,0.003964807211417579,0.01047279021449029,0.02382234154808418,0.04666571586049254,0.07872469065811324,0.11437469018100566,0.1431065300214145,0.15420636991525632,0.1431065300214146,0.11437469018100566,0.07872469065811316,0.04666571586049262,0.02382234154808416,0.010472790214490213,0.003964807211417676,0.001292564432321508,3.6286084589587375e-4,8.771458739931237e-5,1.825711744329883e-5,3.271938161075738e-6,5.048628161086199e-7,6.706860478100651e-8,7.670510893120763e-9,7.552130032451032e-10,6.400824315022646e-11,4.6698200861783334e-12,2.9320990080350384e-13,1.587618925213974e-14,7.771561172376096e-16,0,0,0,0,0,0
2.366311299365009e-166,8.503362557473653e-162,2.637119919662696e-157,7.057996624332181e-153,1.630226505110322e-148,3.249616037840206e-144,5.590318060754531e-140,8.299735389696404e-136,1.0634528829347416e-131,1.1759847400634223e-127,1.1223229271100156e-123,9.244217049989949e-120,6.571464604971216e-116,4.031788155074306e-112,2.1349153149872095e-108,9.756973425703396e-105,3.848623332026283e-101,1.31025554910837e-97,3.8500966118754063e-94,9.764661626970239e-91,2.1375578877438343e-87,4.0388627795406195e-84,6.586982498653766e-81,9.272696859141187e-78,1.126740710210814e-74,1.1818076907870876e-71,1.0699941062413255e-68,8.362475975594198e-66,5.641762846168552e-63,3.285709008547954e-60,1.6519083899495174e-57,7.169585696060032e-55,2.6863491770709002e-52,8.689617298197031e-50,2.426713717423446e-47,5.850951832167169e-45,1.217966727428055e-42,2.1890544744730364e-40,3.3970486411746283e-38,4.5518015529288056e-36,5.266402433008299e-34,5.261471888902659e-32,4.539173513574569e-30,3.3817147343229554e-28,2.175718222170616e-26,1.2088965856176065e-24,5.801125733319947e-23,2.4042979567261633e-21,8.606644382380518e-20,2.6611298387801744e-18,7.107262023633346e-17,1.639684790028847e-15,3.267820217845336e-14,5.626182760608362e-13,8.36846227695389e-12,1.0754046669986474e-10,1.1940178396052629e-9,1.1454612912702442e-8,9.495077630712717e-8,6.801153045172912e-7,4.209683464121392e-6,2.2517259704198703e-5,1.0408698897782312e-4,4.158214928193446e-4,0.001435690411154379,0.00428421010864264,0.011049645363897818,0.024632231321376458,0.047461977560746695,0.07904636582458233,0.1137935845112786,0.14159816231485184,0.15230141865457242,0.1415981623148519,0.11379358451127863,0.07904636582458224,0.04746197756074677,0.024632231321376485,0.011049645363897742,0.004284210108642661,0.0014356904111544333,4.158214928192683e-4,1.040869889779028e-4,2.2517259704146753e-5,4.209683464151404e-6,6.801153045188357e-7,9.495077624155357e-8,1.1454612924843843e-8,1.1940178845648575e-9,1.0754042101268624e-10,8.368528092717042e-12,5.625500065775668e-13,3.275157922644212e-14,1.5543122344752192e-15,1.1102230246251565e-16,0,0,0,0
7.846378964194963e-167,2.5171169041392612e-162,6.99407031082852e-158,1.6832155027973887e-153,3.5086093193640783e-149,6.334588471481974e-145,9.905868322465184e-141,1.3417147859330218e-136,1.5740707483406213e-132,1.5995126477220823e-128,1.4078410579396016e-124,1.0733104556008429e-120,7.087715709641693e-117,4.0541515370509704e-113,2.0086771855910666e-109,8.620663372212386e-106,3.2047611234513514e-102,1.0319991271388935e-98,2.878698181670798e-95,6.955858318064505e-92,1.4559550967245178e-88,2.6399335225752104e-85,4.146589957523132e-82,5.642192098023569e-79,6.650727731456825e-76,6.791428242167558e-73,6.008002732466112e-70,4.604504451889376e-67,3.057218444947854e-64,1.7586045799083678e-61,8.764270692356369e-59,3.7842278317077614e-56,1.4156669870263938e-53,4.5885564626834634e-51,1.2886394112418181e-48,3.135715911853173e-46,6.611530710465553e-44,1.2079189925671134e-41,1.912295459338423e-39,2.623402538763456e-37,3.118742017459651e-35,3.213000730799489e-33,2.8686118961709355e-31,2.219604343034561e-29,1.4884552925432245e-27,8.651005464200762e-26,4.357952379865626e-24,1.902823178047882e-22,7.201613247778146e-21,2.362611328061922e-19,6.718958273622271e-18,1.6564377567466358e-16,3.5402048993209352e-15,6.559618056703323e-14,1.0537618924728626e-12,1.4676995998234592e-11,1.7724727563726565e-10,1.8560365688342452e-9,1.6852903558931973e-8,1.3269684376815028e-7,9.060666220113331e-7,5.365236942971701e-6,2.755255569070962e-5,1.2271378850955207e-4,4.7402016938344576e-4,0.0015881256038098794,0.004614971539626118,0.011632145924164112,0.025431183986050106,0.04822777799663462,0.07933384851032942,0.1132024005537598,0.1401175001410897,0.15044267265711264,0.1401175001410897,0.11320240055375974,0.07933384851032943,0.04822777799663469,0.025431183986050043,0.011632145924164172,0.004614971539626089,0.0015881256038098313,4.7402016938347113e-4,1.2271378850958747e-4,2.7552555690646408e-5,5.3652369430556845e-6,9.060666219529168e-7,1.3269684384642488e-7,1.685290351716162e-8,1.8560365466768758e-9,1.7724732792601117e-10,1.4676926340939644e-11,1.0538236949741986e-12,6.561418075534675e-14,3.4416913763379853e-15,2.220446049250313e-16,0,0,0
2.668661993260347e-167,7.66085177279673e-163,1.9114730273694666e-158,4.145300426230724e-154,7.813451231048515e-150,1.280062835160049e-145,1.822735657487842e-141,2.2559150591689946e-137,2.426784399945995e-133,2.269090948107657e-129,1.8441143676390616e-125,1.3026932067017786e-121,7.998674754676965e-118,4.268928728324563e-114,1.9803788555804326e-110,7.985642364349256e-107,2.7990295545622915e-103,8.527960667364019e-100,2.2585368233527182e-96,5.199455206551594e-93,1.0404992699470593e-89,1.8100217610498356e-86,2.7370889668651764e-83,3.598010174096218e-80,4.111589138494435e-77,4.0844786495177385e-74,3.5273549040894588e-71,2.6482170713287837e-68,1.728448611482971e-65,9.807644286654736e-63,4.8382184030701994e-60,2.0750390391381648e-57,7.737398441441594e-55,2.5084169952438754e-52,7.070484048718812e-50,1.7328147099501223e-47,3.692478556016246e-45,6.84158009034965e-43,1.1022434529821303e-40,1.544158328891836e-38,1.8810928746021347e-36,1.992709985911901e-34,1.8357146017554507e-32,1.4706374122411406e-30,1.024608678868986e-28,6.208338972234769e-27,3.271682706564e-25,1.4995435419498937e-23,5.977963677335014e-22,2.0728517226680922e-20,6.251997187522123e-19,1.6402874481856706e-17,3.7435800004604177e-16,7.432514393333961e-15,1.2837532079679095e-13,1.929035472036593e-12,2.5218981629446756e-11,2.868529118107928e-10,2.838905739943693e-9,2.444657844789814e-8,1.8317901496657495e-7,1.1943693000187482e-6,6.7767444609617625e-6,3.346084337589488e-5,1.4378018266133585e-4,5.376750505268769e-4,0.0017498907488276388,0.0049565871195855525,0.012219258612825447,0.02621837208399194,0.048963519126125496,0.07958873660131408,0.11260234791459073,0.13866394919653763,0.14862848125448025,0.13866394919653757,0.11260234791459078,0.07958873660131405,0.04896351912612551,0.026218372083991914,0.012219258612825468,0.004956587119585576,0.0017498907488275872,5.376750505269312e-4,1.4378018266136827e-4,3.346084337585431e-5,6.776744460923467e-6,1.1943693000171507e-6,1.8317901495645827e-7,2.4446578539283337e-8,2.8389056661026757e-9,2.868529858091051e-10,2.5218938048965356e-11,1.9290125052862095e-12,1.284528039491306e-13,7.327471962526033e-15,4.440892098500626e-16,0,0
9.301864071043284e-168,2.395000240592117e-163,5.377861563343036e-159,1.0530999731175218e-154,1.798406017422933e-150,2.6783441457484764e-146,3.478627438014273e-142,3.9401692708453183e-138,3.8921528216149597e-134,3.353016262197401e-130,2.519155921028083e-126,1.6506348563630657e-122,9.432496134679471e-119,4.70094466134176e-115,2.0432893741632173e-111,7.745765595290963e-108,2.560897597016997e-104,7.384435081328298e-101,1.857135205738971e-97,4.0735692817396436e-94,7.793209818703702e-91,1.3003846732945064e-87,1.8925452046641222e-84,2.4023958819064927e-81,2.659940669641866e-78,2.5688206674427233e-75,2.1638927279440557e-72,1.589950728569641e-69,1.0190224683531261e-66,5.696950419790759e-64,2.778218646771714e-61,1.1818509739359476e-58,4.385697208608859e-56,1.4197171799302294e-53,4.0092234301292945e-51,9.876935322906966e-49,2.1227377057186214e-46,3.980078464607344e-44,6.510546918903487e-42,9.291451936690982e-40,1.1569113368199712e-37,1.2568325959018518e-35,1.1913147725806112e-33,9.852775735210976e-32,7.110256539071804e-30,4.4773241812589615e-28,2.460202000580144e-26,1.1796540451347827e-24,4.936092279908639e-23,1.802477944770298e-21,5.744184597788255e-20,1.5976162971612623e-18,3.878076752996571e-17,8.216266114564829e-16,1.5193620700680848e-14,2.4524003089740905e-13,3.455249448760446e-12,4.249521878249969e-11,4.5623430519549207e-10,4.27599765218248e-9,3.4986690779351946e-8,2.499183307221274e-7,1.5586075414911937e-6,8.486565817164513e-6,4.034561513612555e-5,1.674718539404217e-4,6.069874684222889e-4,0.0019209697713539068,0.0053085251953791535,0.01280998090018182,0.026993053984074852,0.04966965363023565,0.07981257217695654,0.11199454754740532,0.13723692150609396,0.14685727098799223,0.1372369215060939,0.11199454754740534,0.07981257217695648,0.04966965363023568,0.026993053984074922,0.012809980900181817,0.005308525195379055,0.0019209697713539198,6.069874684223597e-4,1.67471853940393e-4,4.0345615136105906e-5,8.486565817200642e-6,1.5586075414741885e-6,2.4991833069698544e-7,3.498669076673622e-8,4.275997667058107e-9,4.562342725833446e-10,4.249522955745988e-11,3.455236097238412e-12,2.452482661396971e-13,1.5210055437364645e-14,8.881784197001252e-16,0
3.320018462970336e-168,7.684235636464024e-164,1.5561036163349833e-159,2.757018359947312e-155,4.273721861184061e-151,5.796162142199583e-147,6.877724677655972e-143,7.14038192659721e-139,6.485941016786934e-135,5.154684027341014e-131,3.5843574622982566e-127,2.1807386143706377e-123,1.1608654476792862e-119,5.4069106116424025e-116,2.2034779977089433e-112,7.857127407792627e-109,2.4514209186484033e-105,6.6922878005343274e-102,1.598592350467234e-98,3.3412670142848135e-95,6.110814080290602e-92,9.77925281305999e-89,1.369416195785051e-85,1.678004386870012e-82,1.799216544877455e-79,1.6881520925478633e-76,1.3860624528405752e-73,9.958700035275658e-71,6.261478608041601e-68,3.4451772640425667e-65,1.6588722755394092e-62,6.990167523316855e-60,2.577758992461762e-57,8.319251434109678e-55,2.3497454782191296e-52,5.808443289635347e-50,1.2566348049444852e-47,2.3794532586793783e-45,3.943417215195491e-43,5.720115028170021e-41,7.262441531449752e-39,8.070790977110645e-37,7.850822739536654e-35,6.684828458896817e-33,4.9825553542842685e-31,3.2509616937551856e-29,1.8568672010939264e-27,9.284763630089163e-26,4.064376434349626e-24,1.5576232070022668e-22,5.2262349119008905e-21,1.5352756096450571e-19,3.948823999418702e-18,8.892963246654749e-17,1.7536218836797438e-15,3.027957090920977e-14,4.578270094178413e-13,6.061843100395377e-12,7.02867043403481e-11,7.137077395561802e-10,6.346872076847101e-9,4.943156408768726e-8,3.371841067119246e-7,2.0144685095108053e-6,1.0541358600164485e-5,4.831555544129946e-5,0.00019397360356984776,6.821405826733257e-4,0.0021013110174170086,0.005670231430774254,0.01340334413328157,0.027754569879773386,0.050346677809374026,0.08000684150875408,0.1113800378881756,0.13583583642271013,0.14512754117571336,0.13583583642271013,0.11138003788817563,0.08000684150875403,0.050346677809374074,0.027754569879773316,0.013403344133281592,0.005670231430774275,0.0021013110174169514,6.821405826733518e-4,1.939736035698747e-4,4.831555544126953e-5,1.054135860023564e-5,2.0144685094480863e-6,3.3718410674676846e-7,4.943156406422844e-8,6.346872027940265e-9,7.137077595587016e-10,7.028677639908665e-11,6.061817714453355e-12,4.578559753554146e-13,3.019806626980426e-14,1.887379141862766e-15
1.212447300087897e-168,2.5280819162323503e-164,4.626547329280963e-160,7.430947106029936e-156,1.0475015550218687e-151,1.2959572027907417e-147,1.4071951654582515e-143,1.3410593576685198e-139,1.1216931065887148e-135,8.234457093942111e-132,5.305585863358797e-128,3.000349662903208e-124,1.4892010739983827e-120,6.487549313532644e-117,2.480600911139821e-113,8.325017999650132e-110,2.4522729654151803e-106,6.340320555352521e-103,1.4388514873199075e-99,2.8660700293752123e-96,5.011036662519265e-93,7.6902837434926365e-90,1.0359418253365195e-86,1.2249292068053635e-83,1.271375437720224e-80,1.1583202007156432e-77,9.26361327378257e-75,6.503308750214573e-72,4.0077065952005954e-69,2.1680570371984483e-66,1.0295907016557587e-63,4.292237820890929e-61,1.570849531858024e-58,5.046888298096597e-56,1.423501787248962e-53,3.5248834441340526e-51,7.662869217592466e-49,1.4625332761654525e-46,2.450732272603515e-44,3.6055385265769084e-42,4.657332698407092e-40,5.282095445923423e-38,5.2600080183303405e-36,4.599253883602845e-34,3.531174063496474e-32,2.380629940486586e-30,1.4093415069898209e-28,7.32660940978061e-27,3.344748185959662e-25,1.3409383861046337e-23,4.721183742528298e-22,1.459827624195563e-20,3.964358963825021e-19,9.455345410279587e-18,1.9807393336896087e-16,3.644478101619611e-15,5.889984213530859e-14,8.361349934267984e-13,1.0426411559164561e-11,1.1420948698837002e-10,1.0989828132605944e-9,9.289950688360032e-9,6.898932028067643e-8,4.5009910271343257e-7,2.579905366013074e-6,1.2992115104229811e-5,5.748400564541092e-5,2.234680006483787e-4,7.632982765338862e-4,0.0022908287388788717,0.006041133205028569,0.013998416082254762,0.0285023376649306,0.050995125091514784,0.08017297538258578,0.11075978057781038,0.13446012146112107,0.14343785977937196,0.13446012146112107,0.11075978057781044,0.08017297538258572,0.050995125091514826,0.0285023376649306,0.013998416082254717,0.006041133205028526,0.0022908287388788695,7.632982765339857e-4,2.2346800064831918e-4,5.748400564542511e-5,1.2992115104193402e-5,2.5799053660069404e-6,4.5009910276672116e-7,6.898932025656279e-8,9.289950697599636e-9,1.098982793656944e-9,1.1420953072160955e-10,1.0426437491162233e-11,8.361089598452054e-13,6.272760089132134e-14
4.526992988042817e-169,8.521612115866281e-165,1.4121612220628233e-160,2.0600557207502924e-156,2.645500130365444e-152,2.9906995355008436e-148,2.976295689169536e-144,2.607473268961705e-140,2.0109739209577222e-136,1.3653316954127844e-132,8.160514394983864e-129,4.293852229456527e-125,1.988975890548425e-121,8.11087269188937e-118,2.9118176902424967e-114,9.202849295756542e-111,2.5606198167445846e-107,6.272429834206502e-104,1.3526885952511897e-100,2.5682345324792355e-97,4.2928928178413317e-94,6.317536342792037e-91,8.185246801672187e-88,9.336976978796418e-85,9.377252335543579e-82,8.291712386574839e-79,6.45530641699087e-76,4.4248483355668154e-73,2.6705081273851796e-70,1.4190859733523568e-67,6.639697896871279e-65,2.7353851590744304e-62,9.922593184286252e-60,3.169382372865923e-57,8.914013949726747e-55,2.2076383061199233e-52,4.814436424148843e-50,9.245558777443923e-48,1.5635024528503378e-45,2.328356435044932e-43,3.053471975713105e-41,3.5264712950769304e-39,3.586719053210822e-37,3.2127275408893254e-35,2.5344234924086817e-33,1.7608515085964622e-31,1.077492672525195e-29,5.807163010632473e-28,2.756653171042365e-26,1.1526016373582363e-24,4.2448870442195134e-23,1.377063221536193e-21,3.9350811301560355e-20,9.90551334461353e-19,2.1965208937984588e-17,4.2908214109544314e-16,7.384210614121246e-15,1.1195360702149965e-13,1.495389564825012e-12,1.7598055189925736e-11,1.8246553420870145e-10,1.6669189787915308e-9,1.3417669526643263e-8,9.516557738161665e-8,5.9474916449546e-7,3.275288606441559e-6,1.5894150165516354e-5,6.796836431542904e-5,2.5613406614101436e-4,8.506042790452008e-4,0.0024894047885039247,0.00642064379526814,0.014594302955348623,0.029235848744420485,0.05161556011761472,0.08031234969169321,0.11013466579746212,0.1331092129864443,0.14178685954792347,0.1331092129864443,0.11013466579746212,0.08031234969169321,0.0516155601176147,0.029235848744420534,0.014594302955348581,0.006420643795268188,0.0024894047885039017,8.506042790451529e-4,2.5613406614100054e-4,6.796836431544051e-5,1.5894150165562948e-5,3.275288606441329e-6,5.947491644731073e-7,9.516557741839904e-8,1.3417669531001764e-8,1.6669189362161774e-9,1.8246559818635433e-10,1.7598034141030894e-11,1.6151524562246777e-12
1.7269040682897943e-169,2.9407122418140713e-165,4.421357406992638e-161,5.868901199457935e-157,6.877933024453382e-153,7.116410843209881e-149,6.500818486294794e-145,5.2430153785650025e-141,3.7333823931661734e-137,2.3471148515621782e-133,1.3028040196216106e-129,6.38468051564589e-126,2.76259441242821e-122,1.055396408337174e-118,3.5598964811943275e-115,1.0601938015814064e-111,2.787804150052708e-108,6.4724910785067916e-105,1.3268324325964668e-101,2.4015932929202085e-98,3.8381778339527615e-95,5.416223728637681e-92,6.74866298270507e-89,7.42493153265506e-86,7.213147573664909e-83,6.187555167360579e-80,4.6868351284312604e-77,3.1348098106923697e-74,1.851477488315625e-71,9.6562027173527e-69,4.447133789358287e-66,1.8086114935448317e-63,6.495420182685269e-61,2.0600222405843843e-58,5.769594764377605e-56,1.4270320809207724e-53,3.1170495422579207e-51,6.012872278580312e-49,1.0243669772678073e-46,1.5412452132634194e-44,2.0480380110688576e-42,2.4035998303111707e-40,2.491450346722435e-38,2.2809540099136066e-36,1.8444360578918955e-34,1.317353354798762e-32,8.310777161087311e-31,4.631172910320654e-29,2.2796066987378334e-27,9.911929913746873e-26,3.807114264731717e-24,1.291764130450158e-22,3.871957397826992e-21,1.0252943200979326e-19,2.3985451977947005e-18,4.9572349498894284e-17,9.051786565306123e-16,1.4603042344633836e-14,2.0815060909471075e-13,2.6214911189675796e-12,2.917201825997771e-11,2.868420891206795e-10,2.492231576058004e-9,1.9134347391173413e-8,1.2981624952770458e-7,7.782958739386122e-7,4.1235423593696e-6,1.9307038787649006e-5,7.988943247364329e-5,2.9214600838245995e-4,9.441815092001545e-4,0.002696890486008018,0.00680816632028468,0.01519015092916248,0.029954663827982536,0.052208573369108585,0.08042628625397279,0.10950551724057689,0.13178255677586465,0.14017323441654872,0.1317825567758646,0.109505517240577,0.08042628625397275,0.05220857336910856,0.02995466382798251,0.015190150929162538,0.006808166320284692,0.0026968904860079634,9.441815092001704e-4,2.921460083824545e-4,7.988943247361213e-5,1.9307038787719222e-5,4.123542359346644e-6,7.782958739710466e-7,1.2981624952779214e-7,1.9134347328808587e-8,2.492231643280718e-9,2.868421056234638e-10,3.201716669565258e-11
6.725712430579353e-170,1.0381445712702881e-165,1.4188014164230024e-161,1.7167476464002273e-157,1.8391374592235213e-153,1.7444024132724044e-149,1.4648928962211016e-145,1.0891652856008677e-141,7.169890549841334e-138,4.178921865003155e-134,2.1565087275103135e-130,9.853165408983305e-127,3.986027963660343e-123,1.4277344745945548e-119,4.527930059796556e-116,1.271451665561684e-112,3.1611908109866595e-109,6.959134297137134e-106,1.356489483604176e-102,2.3411946783455288e-99,3.5778473823452176e-96,4.8414194821235984e-93,5.800878975074373e-90,6.154443611573835e-87,5.781779824554136e-84,4.809678805385708e-81,3.542880838181582e-78,2.3109327046387683e-75,1.3347896906974931e-72,6.827125185382544e-70,3.092197584113143e-67,1.240240798201864e-64,4.405137331510989e-62,1.385584475802111e-59,3.8595115652349867e-57,9.52057857113332e-55,2.079850346698648e-52,4.0238788704291464e-50,6.894588013361229e-48,1.046234709254377e-45,1.4060938784462027e-43,1.673675059406312e-41,1.764440776954739e-39,1.6475168375360397e-37,1.3625342556065616e-35,9.980860466244968e-34,6.475897299603058e-32,3.7217910929253e-30,1.8946673979640104e-28,8.543818567692133e-27,3.4128594052097635e-25,1.2076514761745272e-23,3.7855705743532155e-22,1.051229224005348e-20,2.586126909070785e-19,5.636359351558777e-18,1.0883138422558613e-16,1.8617722277525403e-15,2.821799685173593e-14,3.7893383760564615e-13,4.508670370956721e-12,4.75326174281741e-11,4.440207683843056e-10,3.6753032049047506e-9,2.6956980435074915e-8,1.752052504053538e-7,1.009090565236251e-6,5.150262533104183e-6,2.329450343270088e-5,9.33707137829044e-5,3.316720247213107e-4,0.001044131634993986,0.002913108617924538,0.007203097429773214,0.01578514723992657,0.03065840874786786,0.05277477630234098,0.08051605381313513,0.10887309674470191,0.13047960846944673,0.13859573614169718,0.13047960846944673,0.10887309674470191,0.08051605381313509,0.052774776302341064,0.03065840874786785,0.015785147239926522,0.007203097429773209,0.002913108617924598,0.00104413163499395,3.3167202472128565e-4,9.337071378290318e-5,2.329450343274697e-5,5.150262533115679e-6,1.0090905652182514e-6,1.7520525041891943e-7,2.6956980425651977e-8,3.675303172911981e-9,4.964711974864144e-10
2.6725940875936965e-170,3.7464999171186023e-166,4.662805817366301e-162,5.15195411275776e-158,5.053606651788497e-154,4.4008592441409896e-150,3.402373451028499e-146,2.3352687985668177e-142,1.4229976105260067e-138,7.698142423378609e-135,3.6972970583791324e-131,1.5765277431323696e-127,5.968154800905099e-124,2.0058670192249765e-120,5.985360208253814e-117,1.5856492868888056e-113,3.729540818836476e-110,7.788212156571864e-107,1.4439669979701542e-103,2.3769325808836947e-100,3.473919060909126e-97,4.507845457216556e-94,5.193596610372887e-91,5.312767332793753e-88,4.8253677229897225e-85,3.891355071421732e-82,2.7863525891311393e-79,1.7714958543930107e-76,1.000039869473418e-73,5.012703386339479e-71,2.23104740535846e-68,8.817235551662532e-66,3.0941963951458206e-63,9.641846549889362e-61,2.6679320877522123e-58,6.555367504962481e-56,1.4303184422478336e-53,2.771326912500922e-51,4.768351032942303e-49,7.285853638265784e-47,9.886235827278234e-45,1.1913148137594242e-42,1.2748941886713665e-40,1.2116605049135965e-38,1.0227144195049878e-36,7.666586594802805e-35,5.104248226621688e-33,3.0182252551801873e-31,1.5851482415604597e-29,7.394263785236973e-28,3.0636239626100983e-26,1.1274577012477434e-24,3.685516220158581e-23,1.0701355919161104e-21,2.7601391909423224e-20,6.323889219082379e-19,1.2870876394920581e-17,2.3270845426053537e-16,3.7377135162119624e-15,5.333340682230652e-14,6.760857180622267e-13,7.614176448324071e-12,7.618551404375387e-11,6.772665163448201e-10,5.349261763713813e-9,3.753913528119875e-8,2.3406676463158254e-7,1.29678792563079e-6,6.383813984736578e-6,2.7924251825449076e-5,1.0853768008394922e-4,3.7487318176467814e-4,0.0011505348375078412,0.0031378555365145985,0.007604830728688455,0.01637852088038457,0.03134677033410228,0.053314796955300316,0.08058286918854762,0.10823810860499652,0.12919983392419337,0.13705317115443738,0.12919983392419343,0.1082381086049965,0.08058286918854762,0.05331479695530028,0.03134677033410227,0.016378520880384606,0.00760483072868845,0.0031378555365145777,0.0011505348375078217,3.7487318176465667e-4,1.0853768008400877e-4,2.7924251825406365e-5,6.383813984767173e-6,1.29678792559762e-6,2.3406676463721965e-7,3.753913535575748e-8,6.111061323643696e-9
1.0828724368136204e-170,1.3812019586222075e-166,1.568236682854523e-162,1.5849365280074494e-158,1.4258034272363602e-154,1.1417122885611421e-150,8.137757202446955e-147,5.163042095396984e-143,2.915824692797449e-139,1.4657974057149115e-135,6.559116521111879e-132,2.612628978820819e-128,9.26346246337429e-125,2.9237111496341006e-121,8.214166041396802e-118,2.054295239112151e-114,4.5733577607238824e-111,9.063231843180101e-108,1.598856041401982e-104,2.5108274111144448e-101,3.510011685571493e-98,4.368049528320684e-95,4.839015826594832e-92,4.77221888936153e-89,4.189680900927331e-86,3.2744804559478998e-83,2.278287060165405e-80,1.4111816857606654e-77,7.781617404017726e-75,3.8200885427978746e-72,1.6695441556022257e-69,6.49602651054764e-67,2.2502341122026513e-64,6.939728232104877e-62,1.9054477649893632e-59,4.657969247644802e-57,1.0137865216717387e-54,1.9645010439909743e-52,3.389374734061746e-50,5.2066021663330854e-48,7.121357539407465e-46,8.672635199024481e-44,9.404284534479987e-42,9.080160747863069e-40,7.80658887212735e-38,5.9763520481744284e-36,4.074041271918219e-34,2.4730708073528126e-32,1.3368332182715379e-30,6.435100237187392e-29,2.758537223612517e-27,1.0530670611418869e-25,3.580100480641816e-24,1.0839391824843207e-22,2.9227641022648876e-21,7.018923622832918e-20,1.5012189013302963e-18,2.85971806138783e-17,4.851958642537091e-16,7.33220612142743e-15,9.869268809547112e-14,1.1832514520140116e-12,1.2636297445912412e-11,1.2020492276321685e-10,1.0185751345393842e-9,7.688487778800303e-9,5.169806512412491e-8,3.09671614113421e-7,1.652457302839475e-6,7.855404249307973e-6,3.326776703000082e-5,1.25517012815667e-4,4.2190238447099317e-4,0.0012634497679833003,0.00337090332563033,0.008012759931329525,0.01696954294507569,0.0320194923750977,0.0538292759928918,0.08062789854323897,0.10760120359028572,0.12794270948378805,0.1355443976158739,0.12794270948378805,0.10760120359028569,0.08062789854323904,0.05382927599289178,0.03201949237509771,0.01696954294507569,0.008012759931329438,0.003370903325630392,0.0012634497679833157,4.219023844709291e-4,1.2551701281571237e-4,3.326776702994305e-5,7.855404249412778e-6,1.6524573027698608e-6,3.096716141293143e-7,6.053925905025181e-8
4.4710296058815065e-171,5.1983495682167566e-167,5.393942963195512e-163,4.994573079771103e-159,4.1270825082552395e-155,3.043283050917673e-151,2.0026159799568503e-147,1.1760097414720376e-143,6.162882868318085e-140,2.8821631848833636e-136,1.2028648989235943e-132,4.4800288914506717e-129,1.489061291025566e-125,4.4168670341480436e-122,1.169198755655117e-118,2.762084687018829e-115,5.823213428828458e-112,1.0956403884444934e-108,1.8397363750351058e-105,2.7569451159131763e-102,3.687129882598777e-99,4.400879479533098e-96,4.687964118876536e-93,4.456829311532027e-90,3.7815331784074305e-87,2.86360698002243e-84,1.9353789444063658e-81,1.1674260031938435e-78,6.285028439219182e-76,3.019976666590875e-73,1.2951570921671373e-70,4.957560706273915e-68,1.6937321436198328e-65,5.164841917700985e-63,1.4057549820004859e-60,3.415130988663427e-58,7.405514674851222e-56,1.4333704759376535e-53,2.4764088289534402e-51,3.819024497410113e-49,5.257199592362882e-47,6.460026471253936e-45,7.0859488333887096e-43,6.938280651669574e-41,6.064601750774229e-39,4.732121667038793e-37,3.2962451721954127e-35,2.049746133479253e-33,1.1379017321772468e-31,5.639503524930373e-30,2.4952605363798295e-28,9.856834654603762e-27,3.476268997704767e-25,1.0945901330520558e-23,3.077230135417789e-22,7.724081986381492e-21,1.7310933012787264e-19,3.464089565064453e-18,6.189579974419449e-17,9.875182059180091e-16,1.4068550851902287e-14,1.7897088734354478e-13,2.033071317240382e-12,2.0623786160915267e-11,1.8682630493439855e-10,1.5113660532190247e-9,1.0918710136952468e-8,7.044511636341136e-8,4.058971127241009e-7,2.0886897911116533e-6,9.599131784273168e-6,3.9400052387165605e-5,1.444358307353563e-4,4.729034421433669e-4,0.0013829136841552237,0.003612002004308113,0.008426281744000744,0.017557526664694456,0.03267637168598093,0.05431886315813471,0.08065225874367445,0.10696298268138213,0.12670772217497273,0.13406832265974544,0.12670772217497273,0.10696298268138216,0.08065225874367443,0.05431886315813472,0.03267637168598092,0.017557526664694456,0.00842628174400073,0.0036120020043081125,0.001382913684155218,4.7290344214334645e-4,1.444358307354232e-4,3.940005238711741e-5,9.599131784221449e-6,2.0886897911243096e-6,4.889819825715236e-7
1.8800566045931857e-171,1.996068970077248e-167,1.89598922732017e-163,1.6110788312824835e-159,1.224672208456652e-155,8.32811422356293e-152,5.066392962377413e-148,2.7572628163846796e-144,1.3424135119712545e-140,5.846893056384622e-137,2.278224725672279e-133,7.941499330704968e-130,2.476538048279376e-126,6.909174513918156e-123,1.7244402456166537e-119,3.8504653432988774e-116,7.691724153316287e-113,1.3746179551067799e-109,2.1978125898105173e-106,3.1437805932386833e-103,4.023179561303524e-100,4.6062234901038343e-97,4.718260166550158e-94,4.323973706752315e-91,3.545288540429965e-88,2.6007027994389756e-85,1.7068831414025506e-82,1.002291917593449e-79,5.265815239677759e-77,2.475264751586303e-74,1.0410370431393373e-71,3.917447313345972e-69,1.318975442416748e-66,3.9734803700859606e-64,1.0710522309831842e-61,2.5832116710479793e-59,5.574729599371236e-57,1.0764824353709431e-54,1.8600063901295766e-52,2.8757521448747994e-50,3.978536445150179e-48,4.925333145876155e-46,5.456245968129496e-44,5.4088404552154396e-42,4.7981333678480875e-40,3.8089436695391605e-38,2.705871806095058e-36,1.7202312134590801e-34,9.787010032866346e-33,4.983146647953443e-31,2.2706735384856775e-29,9.259984112854658e-28,3.3796953070475705e-26,1.1039871051497018e-24,3.227580599924173e-23,8.445482000262849e-22,1.9779428191751243e-20,4.146223887477351e-19,7.779457871204282e-18,1.306505888071865e-16,1.96402394317594e-15,2.6427949848681254e-14,3.1832398655081043e-13,3.4321978739684794e-12,3.3126849592292955e-11,2.8622036588634997e-10,2.213813875852675e-9,1.532884053319691e-8,9.50194286030226e-8,5.272996771966882e-7,2.619699164932461e-6,1.1652007142819278e-5,4.639933463178612e-5,1.6542091403370593e-4,5.280102372479013e-4,0.0015089427508821582,0.003860881741829573,0.00884479847868205,0.018141827167841598,0.03331725430230539,0.05478421409802077,0.08065701878854861,0.1063240005502972,0.12549436984020834,0.13262389980855338,0.12549436984020834,0.10632400055029723,0.08065701878854858,0.05478421409802081,0.033317254302305366,0.01814182716784163,0.008844798478682026,0.003860881741829525,0.0015089427508822029,5.280102372479112e-4,1.654209140337093e-4,4.639933463179702e-5,1.1652007142815002e-5,3.259884051365347e-6
8.046831249178832e-172,7.81489921450029e-168,6.806381099141901e-164,5.315753980794231e-160,3.72280849413598e-156,2.3379502374725466e-152,1.316619118845375e-148,6.648857353759672e-145,3.010908313440707e-141,1.222681816876471e-137,4.452424819828203e-134,1.4539478467013305e-130,4.257670936599769e-127,1.1180684549705998e-123,2.6329330114664768e-120,5.5601753489810204e-117,1.052971592006141e-113,1.7882433278110158e-110,2.7234584228180934e-107,3.719645344900963e-104,4.555872091293411e-101,5.0041851013218045e-98,4.929351700659972e-95,4.354554018787931e-92,3.449831932008666e-89,2.451069450115315e-86,1.5617800591737043e-83,8.924707095494532e-81,4.573843399555947e-78,2.1022546855225266e-75,8.665820824626483e-73,3.203746642808884e-70,1.0622691737125247e-67,3.158951472017731e-65,8.425339909483856e-63,2.0154511999290988e-60,4.324161861711913e-58,8.321104176131294e-56,1.4361971080866192e-53,2.2233409450586173e-51,3.0871804951667187e-49,3.844917934880914e-47,4.295231122823669e-45,4.303936715886903e-43,3.8683940937113887e-41,3.1187948897486574e-39,2.255485856941608e-37,1.4631763341251624e-35,8.514569889930863e-34,4.4447220982718977e-32,2.0813679601566413e-30,8.743435484136786e-29,3.294967322779486e-27,1.1139424537954006e-25,3.378500886034087e-24,9.192678105609605e-23,2.244005878046683e-21,4.91447481167237e-20,9.656255565112178e-19,1.7022615169846472e-17,2.692384690690756e-16,3.82075041853895e-15,4.864837874740824e-14,5.557808949617502e-13,5.697203653010251e-12,5.240226286713882e-11,4.3248962273018435e-10,3.202917570558226e-9,2.1284682561836e-8,1.2692485998312933e-7,6.79189349109803e-7,3.261414773206289e-6,1.4053945974036092e-5,5.4346729129943635e-5,1.8859793443829474e-4,5.873460009621684e-4,0.001641532489306157,0.004117255060966681,0.009267720403124374,0.018721841005959586,0.03394203181271427,0.05522598753425295,0.08064320128706073,0.10568476879787347,0.12430216121511461,0.1312101265506853,0.12430216121511461,0.10568476879787347,0.0806432012870607,0.05522598753425301,0.03394203181271427,0.018721841005959527,0.009267720403124402,0.004117255060966718,0.0016415324893060967,5.873460009622189e-4,1.8859793443826156e-4,5.4346729129961524e-5,1.8146453754086522e-5
3.5037786768963775e-172,3.117852250716439e-168,2.4938760485787033e-164,1.792883964222335e-160,1.1584809913536685e-156,6.728008392313303e-153,3.511935579872109e-149,1.6476711338366352e-145,6.948005051877068e-142,2.6334010046706026e-138,8.971041855739839e-135,2.7468793099685475e-131,7.559776191215254e-128,1.870048553077327e-124,4.157893831792285e-121,8.309454834843884e-118,1.4926308525711786e-114,2.4099900051326628e-111,3.497544810302497e-108,4.562458266924006e-105,5.349639650885608e-102,5.638228590102586e-99,5.3414105898683655e-96,4.548488259453127e-93,3.481599536628558e-90,2.3954883608712444e-87,1.4815482982470052e-84,8.236584421233062e-82,4.1161508557632904e-79,1.8490621476423998e-76,7.46674377992322e-74,2.71040406673402e-71,8.844301442509324e-69,2.594319813096692e-66,6.840972875385469e-64,1.6216257481763866e-61,3.4556198366817604e-59,6.619849838156525e-57,1.1400439505187248e-54,1.765025104023827e-52,2.4566354412031448e-50,3.073943708405387e-48,3.457971867588595e-46,3.497216089138971e-44,3.179832217269705e-42,2.5993937337072627e-40,1.9104320442266867e-38,1.262375220721588e-36,7.499779262560453e-35,4.006061378206738e-33,1.9239859130415881e-31,8.30821153235396e-30,3.225825623787299e-28,1.1261813770487472e-26,3.535219953351828e-25,9.97865046781266e-24,2.53268493697042e-22,5.7803122609758344e-21,1.18628506257081e-19,2.1892802313707905e-18,3.6332486460031325e-17,5.422222268590886e-16,7.277042425701463e-15,8.782837388829649e-14,9.53287807834478e-13,9.305278181542614e-12,8.168787516344826e-11,6.449342621786896e-10,4.579409575857866e-9,2.9244631320919617e-8,1.67969994709774e-7,8.677052858980764e-7,4.03156459518384e-6,1.6847733243914675e-5,6.332587167946019e-5,2.1409070025091875e-4,6.510226974805773e-4,0.0017806583583423099,0.004380819009059362,0.00969446783521537,0.019297005474644816,0.034550637840577186,0.05564484275066135,0.08061178396995372,0.10504575896631702,0.12313061595817154,0.12982604206701875,0.12313061595817154,0.10504575896631696,0.08061178396995383,0.05564484275066128,0.034550637840577214,0.019297005474644746,0.009694467835215437,0.0043808190090594,0.0017806583583422908,6.510226974805189e-4,2.1409070025091292e-4,8.527540581648729e-5
1.5512533311479342e-172,1.2668597498490054e-168,9.320724407565155e-165,6.177312078152641e-161,3.6879033912318485e-157,1.9833121046334674e-153,9.608057305239374e-150,4.192901034420222e-146,1.6482751199907445e-142,5.836902911245711e-139,1.8619781266019642e-135,5.350664725909494e-132,1.385108321491483e-128,3.2300140421721446e-125,6.785340608540428e-122,1.2840662440163067e-118,2.1890403541263015e-115,3.361806916009477e-112,4.651002726466926e-109,5.796655543928221e-106,6.508303319782069e-103,6.582939527696901e-100,5.998410943569069e-97,4.924015357187276e-94,3.641430848258833e-91,2.4260344380434515e-88,1.4561191592355467e-85,7.873627435341052e-83,3.835604537783468e-80,1.683359731256697e-77,6.655909754776796e-75,2.370984074062841e-72,7.60928796082075e-70,2.2001745413161208e-67,5.731544386706418e-65,1.3452140310181123e-62,2.844593634437679e-60,5.419537569248752e-58,9.302968264555301e-56,1.4388066703532489e-53,2.0049767994127872e-51,2.517368568825679e-49,2.8478654843174196e-47,2.902900490303152e-45,2.6661818169139613e-43,2.2064666545819621e-41,1.645357032243509e-39,1.1055628146854367e-37,6.693798240130454e-36,3.652021244821941e-34,1.7954409732250292e-32,7.954115991691047e-31,3.1754228189564297e-29,1.142368088943747e-27,3.7034930086654597e-26,1.0819922617814973e-24,2.848722966230876e-23,6.759211950648237e-22,1.445333640287871e-20,2.785305379137006e-19,4.837452200495693e-18,7.571923954838384e-17,1.0681888127810525e-15,1.3581525795509648e-14,1.5563754296159982e-13,1.6075034187628687e-12,1.4964685474275445e-11,1.255647586820175e-10,9.49639265700672e-10,6.473608135878894e-9,3.9777453797415373e-8,2.203110124494184e-7,1.0998912010143636e-6,4.949746788907924e-6,2.0078958564924654e-5,7.342252170063342e-5,2.4202042449930335e-4,7.19140517389018e-4,0.001926276452194982,0.004651257279410731,0.010124472991394573,0.01986679776190341,0.03514304468157365,0.05604143737071053,0.08056370121908343,0.1044074053420832,0.12197926463927361,0.12847072509641416,0.12197926463927367,0.10440740534208315,0.08056370121908352,0.056041437370710545,0.03514304468157359,0.019866797761903476,0.010124472991394518,0.0046512572794107365,0.0019262764521950082,7.19140517388972e-4,3.418391967757728e-4
6.979886885518123e-173,5.2397247415328726e-169,3.5513119585095807e-165,2.172893767005768e-161,1.2002143187576206e-157,5.984820290828249e-154,2.6941193489021845e-150,1.0948570130602826e-146,4.016745652486848e-143,1.3303599435401488e-139,3.977804950721415e-136,1.0737395556145433e-132,2.6165995835123113e-129,5.756522267110033e-126,1.1433245577606517e-122,2.050062839933485e-119,3.3186010993287275e-116,4.849926675954241e-113,6.398963067551012e-110,7.622202529946181e-107,8.196907325916939e-104,7.958303724883353e-101,6.975804466006266e-98,5.5204417337104895e-95,3.9442244846230495e-92,2.544252940073612e-89,1.4817416920642651e-86,7.791140756913698e-84,3.6986974120691853e-81,1.5853265136125926e-78,6.134990136801686e-76,2.1435686632358217e-73,6.762271052336977e-71,1.926117413652896e-68,4.953491451041911e-66,1.1502232250660062e-63,2.411562874580667e-61,4.565250240558353e-59,7.803403102442978e-57,1.2043729147650178e-54,1.67841575672354e-52,2.1120490939537307e-50,2.399820424375264e-48,2.4622279531541747e-46,2.281167449221211e-44,1.908403521594174e-42,1.4416911906549537e-40,9.834861448280999e-39,6.058474749572042e-37,3.370253862108098e-35,1.693056675537166e-33,7.680603835205369e-32,3.1465869754523413e-30,1.1641534833409596e-28,3.8896683971518834e-27,1.1736876763467385e-25,3.1984238352480186e-24,7.871707114087008e-23,1.7496746034275904e-21,3.512425737939272e-20,6.368316049231714e-19,1.0428354419884128e-17,1.542363752217668e-16,2.0603634126281157e-15,2.4859532981919005e-14,2.7091953208045294e-13,2.6668091468144006e-12,2.3711215357093504e-11,1.9042846504000692e-10,1.3814396186483074e-9,9.052314539405083e-9,5.358220950187442e-8,2.8649712220830533e-7,1.383769677035644e-6,6.037488228859737e-6,2.379592300096092e-5,8.472414190867163e-5,2.7250502353300755e-4,7.91787478886316e-4,0.002078324297776329,0.004928242268187622,0.010557181600386807,0.02043073395132104,0.035719260101596796,0.05641642540014365,0.08049984560345727,0.10377010756359059,0.12084764869293851,0.12714329193035234,0.12084764869293851,0.10377010756359062,0.08049984560345724,0.05641642540014369,0.03571926010159676,0.020430733951321,0.010557181600386878,0.004928242268187555,0.002078324297776324,0.0011805845554252459
3.1902692054211636e-173,2.2048064390426673e-169,1.3786377303626906e-165,7.798494932505934e-162,3.990741910008587e-158,1.8474811386295874e-154,7.737332490392478e-151,2.9314924219644875e-147,1.0047869818262555e-143,3.1156482110456075e-140,8.7400427082733425e-137,2.2180482976477873e-133,5.0923984635261844e-130,1.0577167420417493e-126,1.987530207660366e-123,3.378759283413697e-120,5.1963904273879325e-117,7.230181812564841e-114,9.101260839055415e-111,1.0364798030577526e-107,1.0678965255774584e-104,9.954254194959032e-102,8.394633713213025e-99,6.404873654399836e-96,4.421173628009798e-93,2.7611197113571115e-90,1.5601132227302172e-87,7.975406930618473e-85,3.688740962345658e-82,1.543600274390481e-79,5.8442100220565064e-77,2.001953796517855e-74,6.204726400128604e-72,1.7399419151198523e-69,4.4146234898856106e-67,1.0134510341711016e-64,2.105065090757766e-62,3.9562664021495074e-60,6.72769744331917e-58,1.0351709943359729e-55,1.4412069722565773e-53,1.8155710136326296e-51,2.069554509764744e-49,2.1346243997501523e-47,1.9922845901012134e-45,1.6825618407256746e-43,1.2858342876722825e-41,8.89196899555807e-40,5.564352263236337e-38,3.150938339196744e-36,1.614651423019964e-34,7.487491026658033e-33,3.142083185557563e-31,1.1932408970506126e-29,4.100841779928689e-28,1.2754333075567009e-26,3.5899454605832265e-25,9.144687477032593e-24,2.1081738865015715e-22,4.3985163350717705e-21,8.305655640009281e-20,1.419434343316942e-18,2.1955136216516257e-17,3.0735633747746796e-16,3.894387678953484e-15,4.466145951125523e-14,4.635846750849241e-13,4.355452924101399e-12,3.7038319207603336e-11,2.8509423063926986e-10,1.98632460279669e-9,1.252685233839269e-8,7.151033538793437e-8,3.695181886897185e-7,1.7284142421997452e-6,7.318288726222379e-6,2.8049518167716595e-5,9.731945970914284e-5,3.056584524851367e-4,8.690391342834362e-4,0.0022367217363169186,0.005211437054554525,0.01099205429462116,0.02098836790558221,0.03627932429715009,0.05677045551143482,0.08042106941157617,0.10313423304730471,0.11973532034127488,0.12584289452773834,0.11973532034127488,0.10313423304730474,0.08042106941157612,0.05677045551143489,0.036279324297150084,0.020988367905582228,0.010992054294621134,0.005211437054554513,0.0035462908726322517
1.4805437554660505e-173,9.434052529879103e-170,5.450052885994471e-166,2.8540917860752326e-162,1.354881057593194e-158,5.830444743129763e-155,2.2744205681923665e-151,8.042846545928623e-148,2.5782207032514026e-144,7.492092422706508e-141,1.9736055465295256e-137,4.712955079528443e-134,1.020242758269298e-130,2.0021316552721617e-127,3.5617407070184997e-124,5.7439974960305015e-121,8.39750423222061e-118,1.1129408873642751e-114,1.337154928509606e-111,1.4564013552484388e-108,1.4380438979044357e-105,1.2872325464623531e-102,1.0445706543786761e-99,7.684520611594569e-97,5.125027131631949e-94,3.098691497011874e-91,1.698500665528758e-88,8.440356980182882e-86,3.802473571399438e-83,1.5530468289604827e-80,5.750672056675282e-78,1.9305061368472373e-75,5.875505302367194e-73,1.621226580971518e-70,4.05573678868822e-68,9.198702019584666e-66,1.8915479873619496e-63,3.52651372681914e-61,5.960938904914192e-59,9.135413551997882e-57,1.269374808495166e-54,1.599202394297773e-52,1.8267232352598533e-50,1.8919158391897758e-48,1.776620571333125e-46,1.5127095474532023e-44,1.1678543239793991e-42,8.17520094885016e-41,5.189067394852133e-39,2.98652301854632e-37,1.558593157165173e-35,7.375555957377903e-34,3.164876011813597e-32,1.2314690674472248e-30,4.3451041467432065e-29,1.3902465687002847e-27,4.0336998966797064e-26,1.0613061044888826e-24,2.5322602538051288e-23,5.479134140157801e-22,1.0751196682351069e-20,1.9131470504341448e-19,3.0873934873343736e-18,4.518487918424339e-17,5.997319728027429e-16,7.21920921273238e-15,7.88126244793797e-14,7.803349147894491e-13,7.007299414500271e-12,5.7070270406143216e-11,4.2156442865824447e-10,2.8243454550222394e-9,1.7162337884647828e-8,9.458987977527058e-8,4.728541091125202e-7,2.144018091351213e-6,8.81764984655503e-6,3.289307886675628e-5,1.1129801559983271e-4,3.415900830819333e-4,9.50958378055397e-4,0.002401371874065316,0.005500497294127498,0.011428567792462966,0.021539290053332834,0.03682330701856248,0.05710416954830397,0.08032818617157991,0.1025001192448366,0.11864184249120618,0.1245687187415983,0.11864184249120624,0.1025001192448366,0.08032818617157989,0.057104169548303996,0.03682330701856251,0.02153929005333277,0.01142856779246304,0.009350158308915835
6.973317041784071e-174,4.102833798339622e-170,2.1928873252677927e-166,1.0645613532223664e-162,4.694055701952625e-159,1.8799667164200414e-155,6.838765496227809e-152,2.2596032071473897e-148,6.781330344212704e-145,1.8485331237318758e-141,4.5768913448357585e-138,1.0293106172135582e-134,2.1025981977971223e-131,3.901230901693324e-128,6.574824293868137e-125,1.0064806266617636e-121,1.3994814871385356e-118,1.7675475875793282e-115,2.0277718792042276e-112,2.1130655108986163e-109,2.000113453431569e-106,1.7196738363414486e-103,1.3430412791156165e-100,9.527666963468219e-98,6.139597143665478e-95,3.593780278403319e-92,1.9108377511127458e-89,9.229095270681134e-87,4.04911323562597e-84,1.6137219960577573e-81,5.842088375920004e-79,1.9212364415100842e-76,5.739440539367081e-74,1.5575328071227817e-71,3.8396060816010165e-69,8.598465990662853e-67,1.7492151280877076e-64,3.23263447453033e-62,5.427056993560275e-60,8.276942538860706e-58,1.146771083720664e-55,1.443405363262466e-53,1.650472637547445e-51,1.7145119398615035e-49,1.6180379422852294e-47,1.3872566509669674e-45,1.0805599665508776e-43,7.646610754057221e-42,4.9161071977541906e-40,2.8715094152920787e-38,1.523842421257877e-36,7.347088119782521e-35,3.218402480760807e-33,1.2809140715873641e-31,4.6318967611158216e-30,1.5218145881630603e-28,4.542902789718499e-27,1.2321933614311937e-25,3.0367074213679474e-24,6.800027901891678e-23,1.3835890896287521e-21,2.5579810167666522e-20,4.297207726204801e-19,6.559629688829282e-18,9.098741950073827e-17,1.1468259831269924e-15,1.3135086380785522e-14,1.36707590770201e-13,1.2929496900120662e-12,1.1112323661243955e-11,8.67895206540703e-11,6.159899977719897e-10,3.973092821321973e-9,2.3288260570262573e-8,1.240518277086852e-7,6.005254351219157e-7,2.6419583465516062e-6,1.0563087479180408e-5,3.838221086725851e-5,1.2674970380580647e-4,3.804041283349387e-4,0.001037595351753266,0.0025721620877327657,0.005795073018000221,0.011866215884850827,0.022083126100050095,0.037351304854815554,0.057418201230094404,0.08022197215213633,0.10186807574286338,0.11756678860989966,0.1233199826500353,0.11756678860989966,0.10186807574286338,0.08022197215213633,0.057418201230094446,0.037351304854815526,0.022083126100050032,0.021830539985122965
3.3319490170589934e-174,1.8127052621368453e-170,8.975965227119652e-167,4.044722310573742e-163,1.6586355848151626e-159,6.189693368871794e-156,2.1020564964473773e-152,6.496477920827727e-149,1.8271372021705533e-145,4.67654676104618e-142,1.0892854073900489e-138,2.3089885050516954e-135,4.454171929814712e-132,7.819496449929806e-129,1.2492769595242302e-125,1.8163869921577386e-122,2.4034183309522273e-119,2.894165503457359e-116,3.1716999029009835e-113,3.163277746341832e-110,2.8711832200105046e-107,2.371727129073894e-104,1.782997422653791e-101,1.2198906313828845e-98,7.595866632440332e-96,4.304494434012548e-93,2.220023391973657e-90,1.04204336429448e-87,4.451528986260424e-85,1.7307334592625755e-82,6.124226089467673e-80,1.9723084071081217e-77,5.781008925688104e-75,1.5421987667184138e-72,3.744447385262863e-70,8.274630960718024e-68,1.6642784377853518e-65,3.046651670123152e-63,5.0762403783588824e-61,7.698166384873653e-59,1.062579441809885e-56,1.3349588374209434e-54,1.5265468036395176e-52,1.5888821192230565e-50,1.5052760126243964e-48,1.2980374003813874e-46,1.0188462466611503e-44,7.279211440745392e-43,4.733890474946227e-41,2.802297834057032e-39,1.509999138076415e-37,7.406441853016387e-36,3.306871421285273e-34,1.3440149808157646e-32,4.972495807351152e-31,1.6746834527886075e-29,5.134327341224501e-28,1.4329514957834318e-26,3.640668867128016e-25,8.420488961005156e-24,1.772983154861166e-22,3.398504382675176e-21,5.930506263926581e-20,9.421525176511489e-19,1.362639499506395e-17,1.7942206782348137e-16,2.1508526488910116e-15,2.3474164851859086e-14,2.3324861451210846e-13,2.1100955581988154e-12,1.7379766743943117e-11,1.3033141408023102e-10,8.898608688170364e-10,5.531811224433062e-9,3.1310437019741655e-8,1.613584159713755e-7,7.571446795395446e-7,3.2348547899348812e-6,1.2584127563619251e-5,4.457459577700722e-5,1.437643102297336e-4,4.221991177154261e-4,0.0011289874402979287,0.002748965071214137,0.006094810331559891,0.012304510240148126,0.022619535681382637,0.037863438677516986,0.057713175037296255,0.08010316783827265,0.10123838621687897,0.11650974258187341,0.12209593498439664,0.11650974258187341,0.10123838621687897,0.08010316783827265,0.05771317503729623,0.03786343867751696,0.045524122155963465
1.6144384198137743e-174,8.132712116361544e-171,3.73583285704563e-167,1.564588268616137e-163,5.974126168803411e-160,2.079751884155527e-156,6.601044151577432e-153,1.9102003382562157e-149,5.039780197115397e-146,1.2123051144605535e-142,2.6587729134774596e-139,5.3164393365604225e-136,9.692418779801927e-133,1.611078092747035e-129,2.4416060598858033e-126,3.373732822636213e-123,4.250337573230781e-120,4.882198243043322e-117,5.113147184721392e-114,4.882517145225304e-111,4.250926632020295e-108,3.3745012656125334e-105,2.4424382508339245e-102,1.611860732529854e-99,9.698919029865586e-97,5.321242822690031e-94,2.661943517673073e-91,1.214179123908585e-88,5.049717331586691e-86,1.91493499588011e-83,6.621341856487654e-81,2.0875909546801014e-78,6.001429458551167e-76,1.573172920851366e-73,3.760220402203769e-71,8.19535785449351e-69,1.6287075020132415e-66,2.9514924336467573e-64,4.877155236547018e-62,7.348874209057616e-60,1.0097351107094868e-57,1.2651140264051562e-55,1.4454087860903165e-53,1.5058920261261296e-51,1.4306799722651241e-49,1.239481811475078e-47,9.792427622426653e-46,7.054995922867769e-44,4.635142167575338e-42,2.7771096872220174e-40,1.517366707440303e-38,7.560657176493967e-37,3.435611312653321e-35,1.4237313804650175e-33,5.380662900410633e-32,1.8545195004798485e-30,5.829337164425728e-29,1.6711037294764095e-27,4.3690645782088745e-26,1.0417865491869865e-24,2.2655763161602968e-23,4.493583212428787e-22,8.128782848733507e-21,1.3411625379290258e-19,2.018203670479992e-18,2.7700064779863964e-17,3.4676345080077597e-16,3.95937916584222e-15,4.123505698017883e-14,3.917024426534758e-13,3.393911687204162e-12,2.6822775635178425e-11,1.9336153988153533e-10,1.2714634310284126e-9,7.626217001788932e-9,4.1724386303343854e-8,2.08233290953284e-7,9.479677028074719e-7,3.936622060369894e-6,1.4912284634508524e-5,5.1529775219963764e-5,1.6243105257821553e-4,4.670674255055395e-4,0.0012251593535638934,0.002931639911073965,0.0063993530090771565,0.012742981041024507,0.02314821097535809,0.03835985124053775,0.05798970526091561,0.07997247937743793,0.10061131024902964,0.11547029855083502,0.1208958536481437,0.11547029855083502,0.1006113102490297,0.0799724793774379,0.057989705260915625,0.08550827973770991
7.929372687822378e-175,3.703590492379486e-171,1.5802833299902135e-167,6.158726739957908e-164,2.192259418106283e-160,7.127530311850384e-157,2.1165739046027452e-153,5.740849835980716e-150,1.4222256433461935e-146,3.2181894573104515e-143,6.651303242177545e-140,1.2556113013062001e-136,2.1650021781274623e-133,3.4097102829703018e-130,4.904943931460507e-127,6.444800662502355e-124,7.734732440710094e-121,8.478968066587763e-118,8.489931416097721e-115,7.764803470871931e-112,6.486695806222876e-109,4.949770891080902e-106,3.449982859934397e-103,2.1964477595328468e-100,1.2773173156513735e-97,6.785043481362821e-95,3.292186087729252e-92,1.4591369929350724e-89,5.907310793047641e-87,2.1845792258626334e-84,7.379590008829158e-82,2.2771173725658935e-79,6.418443209982392e-77,1.6525991114725627e-74,3.886881863391331e-72,8.350908738275365e-70,1.6389561332266574e-67,2.938358710883765e-65,4.812258545115056e-63,7.199504142405938e-61,9.839400154928555e-59,1.2284289596518625e-56,1.4010379870094696e-54,1.4597260062021816e-52,1.3893688338333256e-50,1.2080691883012032e-48,9.596159537439961e-47,6.96366593439152e-45,4.616541113963237e-43,2.796001238516498e-41,1.547047029463464e-39,7.820218322396731e-38,3.611496590768017e-36,1.5237451607909295e-34,5.8735160181001476e-33,2.0684670666914303e-31,6.655300969674332e-30,1.9564082162914617e-28,5.254459423875817e-27,1.2893699198162473e-25,2.890760618251225e-24,5.921558677196815e-23,1.1082901936334887e-21,1.895259763792919e-20,2.961324901677897e-19,4.2277539941419036e-18,5.514980229681505e-17,6.573445546119625e-16,7.159146923276237e-15,7.124473681054986e-14,6.478459905002476e-13,5.38297505163465e-12,4.087037570779954e-11,2.835532085089672e-10,1.7976456925598995e-9,1.041408370259884e-8,5.513015327543275e-8,2.666933179245543e-7,1.1789445402715652e-6,4.762514384179092e-6,1.758102310149399e-5,5.930891675962566e-5,1.828381272390342e-4,5.150948541591961e-4,0.0013261232867085165,0.0031200331792976543,0.006708343981623977,0.013181177467017644,0.023668875287931393,0.038840704931020494,0.05824839519974066,0.07983057999202522,0.09998708501958878,0.11444806074892622,0.11971904432040303,0.11444806074892622,0.09998708501958875,0.07983057999202525,0.14587475207925826
3.9462689091172015e-175,1.71124072191059e-171,6.790954477353911e-168,2.465784851178892e-164,8.191910653713046e-161,2.4901295743626532e-157,6.925744634957799e-154,1.7624625505335619e-150,4.1037732377670066e-147,8.742950446393338e-144,1.7042962482011785e-140,3.039805575207459e-137,4.960911154622765e-134,7.407869545144443e-131,1.0121451202840829e-127,1.2653515966921035e-124,1.4474382644603903e-121,1.51499343663155e-118,1.450924570813328e-115,1.2714633828691197e-112,1.0195051364041608e-109,7.480026986948012e-107,5.0216540660568276e-104,3.084764693864245e-101,1.733926595476813e-98,8.918147169260162e-96,4.197161872568477e-93,1.80749003162976e-90,7.122578028394388e-88,2.5682760105125784e-85,8.474058706676389e-83,2.5585193916162612e-80,7.0686367819172e-78,1.7870414525201898e-75,4.134166411668629e-73,8.75181386124881e-71,1.695381609347737e-68,3.0053751616541747e-66,4.875221639369811e-64,7.236976573557597e-62,9.830822392315043e-60,1.2220676058181038e-57,1.3901965248797947e-55,1.447223822473697e-53,1.3787221917489217e-51,1.2019944915492941e-49,9.589942286952968e-48,7.0019747133737646e-46,4.678637535045116e-44,2.8609873441842324e-42,1.6010819639975015e-40,8.200036177813807e-39,3.8434929528735615e-37,1.648724642322734e-35,6.472701015972433e-34,2.325637675799296e-32,7.647533983804484e-31,2.3015872387229785e-29,6.339631073066833e-28,1.5982140478393915e-26,3.687603732285828e-25,7.787460425054248e-24,1.5051984070369924e-22,2.6628208189934855e-21,4.3116594689308304e-20,6.390065435503672e-19,8.668192098968855e-18,1.0762623289432903e-16,1.2231455741798471e-15,1.2723674126496055e-14,1.2115051409634068e-13,1.0558937866195624e-12,8.423669580945376e-12,6.15137691395488e-11,4.111847730562216e-10,2.5159328569421266e-9,1.4091654648412956e-8,7.224858474407056e-8,3.390818071473451e-7,1.4567690097582227e-6,5.729162006147603e-6,2.0625701428978617e-5,6.797456417491913e-5,2.050722671460692e-4,5.663602736993775e-4,0.0014318791523958829,0.0033139800328477547,0.007021426717253598,0.013618668036117403,0.024181281624568403,0.03930617966683716,0.058489836490825245,0.07967811135540115,0.09936592688095736,0.1134426433157234,0.11856483913862936,0.1134426433157234,0.09936592688095736,0.22790901023400456
1.9893321540023494e-175,8.019135640390069e-172,2.963391736601292e-168,1.0036771709706945e-164,3.1156128247727133e-161,8.86417629486405e-158,2.3114249104921173e-154,5.524191972447261e-151,1.2100585927802824e-147,2.4293709213466047e-144,4.470254072177949e-141,7.539155951848349e-138,1.165377455601934e-134,1.6510686181166915e-131,2.143974193929405e-128,2.551709535699484e-125,2.783566115927824e-122,2.7831196397620216e-119,2.550490377329859e-116,2.1422910357271948e-113,1.649292754716462e-110,1.1638127373328695e-107,7.527246776875035e-105,4.462297909763192e-102,2.424666642105262e-99,1.2075867616531474e-96,5.512635617268836e-94,2.3066235744638583e-91,8.846522205659198e-89,3.1099169103223016e-86,1.002091512394771e-83,2.9597186959390356e-81,8.012721869073521e-79,1.9883757735647613e-76,4.522804968715213e-74,9.42997539012006e-72,1.8022246149831723e-69,3.1572236809706175e-67,5.069934419869224e-65,7.462810733920208e-63,1.0069507066599312e-60,1.2454387001306383e-58,1.412041924611078e-56,1.4675290445638e-54,1.3981138923076961e-52,1.221006692112609e-50,9.774986422186891e-49,7.17364608680286e-47,4.8260575646744505e-45,2.976301872866633e-43,1.6826609178449088e-41,8.720766689076335e-40,4.143377409658075e-38,1.8046769739404238e-36,7.205980149357896e-35,2.6377810312352165e-33,8.851972526910048e-32,2.723332053675675e-30,7.681110098143417e-29,1.986158488710335e-27,4.708407356742389e-26,1.0233120928912133e-24,2.039012489072588e-23,3.7248873471838323e-22,6.238665012057099e-21,9.579862060824892e-20,1.348713521820146e-18,1.7409120532581115e-17,2.060318703487108e-16,2.2356108100719156e-15,2.2241596916345764e-14,2.0288382000307717e-13,1.6968529879507683e-12,1.3012477860232926e-11,9.14952062631752e-11,5.898787239381634e-10,3.4870374224568497e-9,1.890093620298222e-8,9.393903879436781e-8,4.2810288180178603e-7,1.7889264296904813e-6,6.85459859759376e-6,2.4083499617339772e-05,7.75903748094932e-5,2.2921831448999817e-4,6.209353174354571e-4,0.00154241487789085,0.003513305310611928,0.007338246493576089,0.014055040818295903,0.02468521125891934,0.0397564709351026,0.05871460855971272,0.07951568492918384,0.09874803282246081,0.11245367010904889,0.11743259545522472,0.11245367010904894,0.3288300321633387
1.015427015728089e-175,3.809835686238535e-172,1.3125939227219345e-168,4.1516030092760445e-165,1.2054896319543722e-161,3.2134707156253603e-158,7.864107091348313e-155,1.766809492971237e-151,3.6441506057143925e-148,6.900336710234548e-145,1.1995344812321366e-141,1.9143653399857486e-138,2.804837588841732e-135,3.7727900259081976e-132,4.658979668284372e-129,5.281940891710468e-126,5.497587039509199e-123,5.2532479141290616e-120,4.6085284507885906e-117,3.711732494000354e-114,2.7445588684868075e-111,1.8631654584187652e-108,1.1612208845265756e-105,6.644531779034454e-103,3.490612931598252e-100,1.6835594175746648e-97,7.454978127226278e-95,3.0307997344116485e-92,1.1312611404916865e-89,3.8767261879497676e-87,1.219736263191628e-84,3.5234430935532636e-82,9.344824013825926e-80,2.2755144898436393e-77,5.087387564609029e-75,1.044284819598932e-72,1.96813218926468e-70,3.4056735400689795e-68,5.410875809440639e-66,7.893149399781119e-64,1.057191711357867e-61,1.3001108012178375e-59,1.4680226386943662e-57,1.5219961248786946e-55,1.4488567324396828e-53,1.2664008584417757e-51,1.0163741657210595e-49,7.48989236043017e-48,5.068039587951329e-46,3.148834728113726e-44,1.7964213897611287e-42,9.410617959823376e-41,4.5267111871426616e-39,1.9994260387027937e-37,8.109406267088698e-36,3.0202105613109153e-34,1.0328878535670245e-32,3.2436970180254687e-31,9.354099235642474e-30,2.4770894951898266e-28,6.0236945437942006e-27,1.3451453592123222e-25,2.758443329216061e-24,5.194587247663548e-23,8.983255019142076e-22,1.4266442866666622e-20,2.0806572906383143e-19,2.7867106049057437e-18,3.4276244839132696e-17,3.8717581327372067e-16,4.0164315311353746e-15,3.8264249932269473e-14,3.3478825851899563e-13,2.6901398449151528e-12,1.9852285883070908e-11,1.345490242875992e-10,8.375065904847829e-10,4.787808488649423e-9,2.5137917263721124e-8,1.2121848173850345e-7,5.368566759486123e-7,2.1837387813668202e-6,8.158279040384419e-6,2.799333060801458e-5,8.822084677814876e-5,2.553588117251663e-4,6.78884133610404e-4,0.0016577067599424786,0.003717824619364842,0.007658451563892863,0.014489903533399923,0.025180472308138666,0.0401917879660064,0.058923278178045616,0.0793438832601176,0.09813358183363013,0.11148077450939131,0.11632169466333542,0.4418391526683323
5.246436003396744e-176,1.8343703343007365e-172,5.899046682081794e-169,1.7443575832071088e-165,4.742954804736286e-162,1.1858320332562692e-158,2.7262084297369503e-155,5.7631193245124425e-152,1.1202626603614385e-148,2.0023816085951794e-145,3.291089140749828e-142,4.973926415281137e-139,6.91237213797092e-136,8.833322229759475e-133,1.0379858600261182e-129,1.1215804490793604e-126,1.1144031024411626e-123,1.018188948720218e-120,8.554407999145134e-118,6.608888453634253e-115,4.695103476457558e-112,3.067196788923311e-109,1.842550163995397e-106,1.0178405007865201e-103,5.1704033538853327e-101,2.4152106464544225e-98,1.0374642581085426e-95,4.098080664557858e-93,1.4886027812143823e-90,4.9724439299183244e-88,1.5274096685325697e-85,4.314571025390911e-83,1.1207740814162096e-80,2.677311332882334e-78,5.881417858165132e-76,1.188145506119372e-73,2.2073122882335068e-71,3.7710879814419e-69,5.924892957701749e-67,8.560666776378197e-65,1.1374969745426265e-62,1.389987417599642e-60,1.5620390608933804e-58,1.6143429735079916e-56,1.5343525940308743e-54,1.341166154714478e-52,1.0781289407077052e-50,7.970622462804087e-49,5.419384335569138e-47,3.38880561180264e-45,1.9488805551419345e-43,1.030786121068718e-41,5.014176791769944e-40,2.2432696210895785e-38,9.230327675792387e-37,3.4930891978574824e-35,1.2158004233206096e-33,3.892047626669893e-32,1.1459362652771645e-30,3.103219515836022e-29,7.729253192727405e-28,1.7706751214728596e-26,3.7309539503922335e-25,7.230759237029759e-24,1.2889447286121193e-22,2.113364721345048e-21,3.187188627773329e-20,4.421174201654153e-19,5.641147049459043e-18,6.620648413338615e-17,7.147271889003881e-16,7.097249860637055e-15,6.482659525058039e-14,5.446693468981354e-13,4.20951922662044e-12,2.992644227897551e-11,1.9570586717407534e-10,1.1772856109373382e-9,6.5146646114848665e-9,3.3161750636650394e-8,1.552819004265502e-7,6.688750186333122e-7,2.6504066647441605e-6,9.661087116374032e-6,3.239573643616794e-5,9.993103882880155e-5,2.8357361389679697e-4,7.402631919865655e-4,0.0017777198704219844,0.003927345401376182,0.007981694218924884,0.014922883545250865,0.02566689832304289,0.04061235203599965,0.05911639911725447,0.07916326123540171,0.09752273617311441,0.11052359921950666,0.5576157705436977
