"name","value","mean","median","std.dev","sd","lci","uci"
"q_srv1",0.86494,1.07932834733333,0.9873105,0.19316,0.413838509130195,0.58764415,2.30044325
"nattymort",0.0595,0.0602289770666667,0.06011465,0.0028146,0.00289459782075957,0.0548538075,0.0662278925
"F40",0.0613,0.0711169338888889,0.0675231,0.015903,0.0214610918805323,0.0399730375,0.12468685
"spawn_biom_proj",39463,36146.3105111111,34438.95,12249,12303.1486056,17219.37,66191.5775
"ABC",4971.6,5129.87090888889,4803.69,2001.4,2415.59866610408,1465.09575,10887.54
