year,biomass,se
1990,108148.0878,18151.38637
1993,107693.387,16178.71787
1996,175964.4868,36335.43824
1999,175565.8922,52647.64825
2001,242550.2712,34895.35502
2003,116238.7873,20280.38981
2005,243211.703,31681.1757
2007,212166.1762,33397.68141
2009,88418.07022,13406.6895
2011,164590.5961,33976.68098
2013,394875.1323,92110.63663
2015,115695.1519,29612.5968
2017,176571.8285,28675.42241
2019,110294.3848,17857.76616
2021,74614.66331,11557.64027
2023,78284.85876,22774.15145
