alpha_lw,beta_lw
1.17554472776e-5,3.04169051066
