"","Linf","k","t0","a","b"
"1",41.6804,0.159057,-0.377821,0.078363,2.0742
