"","Winf","k","t0","beta_lw"
"1",1081.04,0.169184,-0.166751,3.04169051066
