yld,catch_rat,proj_catch
0.5344736552035855,1.0676528042658353,2002.636829002709
